{"count":1,"self":541.7680384,"total":798.6426146,"children":{"InitializeActuators":{"count":1,"self":0.0015650999999999998,"total":0.0015650999999999998,"children":null},"InitializeSensors":{"count":1,"self":0.0025329,"total":0.0025329,"children":null},"AgentSendState":{"count":365517,"self":5.1711032,"total":7.4754002999999996,"children":{"CollectObservations":{"count":73104,"self":0.2780583,"total":0.2780583,"children":null},"WriteActionMask":{"count":73104,"self":0.059310999999999996,"total":0.059310999999999996,"children":null},"RequestDecision":{"count":73104,"self":0.29374659999999997,"total":1.966928,"children":{"AgentInfo.ToProto":{"count":73104,"self":0.29536629999999997,"total":1.6731813999999998,"children":{"GenerateSensorData":{"count":73104,"self":1.2147071999999999,"total":1.3778150999999998,"children":{"RayPerceptionSensor.Perceive":{"count":73104,"self":0.1631079,"total":0.1631079,"children":null}}}}}}}}},"DecideAction":{"count":365517,"self":241.5517184,"total":241.5517147,"children":null},"AgentAct":{"count":365517,"self":7.839776,"total":7.8423511999999995,"children":{"AgentInfo.ToProto":{"count":80,"self":0.0005034,"total":0.0025748999999999998,"children":{"GenerateSensorData":{"count":80,"self":0.0010731,"total":0.0020715,"children":{"RayPerceptionSensor.Perceive":{"count":80,"self":0.0009984,"total":0.0009984,"children":null}}}}}}}},"gauges":{"RunnerAgent.CumulativeReward":{"count":80,"max":145.766144,"min":1.36788559,"runningAverage":20.7299118,"value":29.73248,"weightedAverage":26.3710251}},"metadata":{"timer_format_version":"0.1.0","start_time_seconds":"1763486040","unity_version":"6000.0.41f1","command_line_arguments":"C:\\Program Files\\Unity\\Hub\\Editor\\6000.0.41f1\\Editor\\Unity.exe -projectpath C:\\Users\\asier.larrazabal\\Desktop\\police-thief-rl\\unity_env\\demo1 -useHub -hubIPC -cloudEnvironment production","communication_protocol_version":"1.5.0","com.unity.ml-agents_version":"4.0.0","scene_name":"ciudad","end_time_seconds":"1763486839"}}