{"count":1,"self":24.223569599999998,"total":40.3513496,"children":{"InitializeActuators":{"count":2,"self":0.0025142999999999997,"total":0.0025142999999999997,"children":null},"InitializeSensors":{"count":2,"self":0.0015884,"total":0.0015884,"children":null},"AgentSendState":{"count":15584,"self":0.3738686,"total":1.9811755,"children":{"CollectObservations":{"count":6234,"self":0.062142199999999995,"total":0.062142199999999995,"children":null},"WriteActionMask":{"count":6234,"self":0.0035169999999999997,"total":0.0035169999999999997,"children":null},"RequestDecision":{"count":6234,"self":0.031090399999999997,"total":1.5416477,"children":{"AgentInfo.ToProto":{"count":6234,"self":0.0306717,"total":1.5105572999999999,"children":{"GenerateSensorData":{"count":6234,"self":1.4788691999999999,"total":1.4798856,"children":{"RayPerceptionSensor.Perceive":{"count":3117,"self":0.0010164,"total":0.0010164,"children":null}}}}}}}}},"DecideAction":{"count":15584,"self":14.0098288,"total":14.009828899999999,"children":null},"AgentAct":{"count":15584,"self":0.1326728,"total":0.1326728,"children":null}},"gauges":{},"metadata":{"timer_format_version":"0.1.0","start_time_seconds":"1762790080","unity_version":"6000.0.41f1","command_line_arguments":"C:\\Program Files\\Unity\\Hub\\Editor\\6000.0.41f1\\Editor\\Unity.exe -projectpath C:\\Users\\asier.larrazabal\\Desktop\\police-thief-rl\\unity_env\\demo1 -useHub -hubIPC -cloudEnvironment production","communication_protocol_version":"1.5.0","com.unity.ml-agents_version":"4.0.0","scene_name":"ciudad","end_time_seconds":"1762790121"}}