{"count":1,"self":28.0961952,"total":28.395131199999998,"children":{"InitializeActuators":{"count":2,"self":0.0015708999999999999,"total":0.0015708999999999999,"children":null},"InitializeSensors":{"count":2,"self":0.0025913999999999998,"total":0.0025913999999999998,"children":null},"AgentSendState":{"count":1147,"self":0.0433427,"total":0.060795999999999996,"children":{"CollectObservations":{"count":460,"self":0.0030396,"total":0.0030396,"children":null},"WriteActionMask":{"count":460,"self":0.0020009999999999997,"total":0.0020009999999999997,"children":null},"RequestDecision":{"count":460,"self":0.012412699999999999,"total":0.012412699999999999,"children":null}}},"DecideAction":{"count":1147,"self":0.2065427,"total":0.2150966,"children":{"RayPerceptionSensor.Perceive":{"count":460,"self":0.0085539,"total":0.0085539,"children":null}}},"AgentAct":{"count":1147,"self":0.0178799,"total":0.0178799,"children":null}},"gauges":{"PoliceAgent.CumulativeReward":{"count":8,"max":4.522636,"min":-0.24959062,"runningAverage":1.4363414,"value":4.034465,"weightedAverage":1.65333235},"RunnerAgent.CumulativeReward":{"count":8,"max":0.0404652543,"min":-0.9265641,"runningAverage":-0.3345929,"value":-0.07228784,"weightedAverage":-0.401882261}},"metadata":{"timer_format_version":"0.1.0","start_time_seconds":"1764090634","unity_version":"6000.0.41f1","command_line_arguments":"C:\\Program Files\\Unity\\Hub\\Editor\\6000.0.41f1\\Editor\\Unity.exe -projectpath C:\\Users\\asier.larrazabal\\Desktop\\police-thief-rl\\unity_env\\demo1 -useHub -hubIPC -cloudEnvironment production","communication_protocol_version":"1.5.0","com.unity.ml-agents_version":"4.0.0","scene_name":"ciudad","end_time_seconds":"1764090663"}}