{
    "name": "root",
    "gauges": {
        "PoliceAgent.Policy.Entropy.mean": {
            "value": 1.386450171470642,
            "min": 1.386450171470642,
            "max": 1.4232085943222046,
            "count": 12
        },
        "PoliceAgent.Policy.Entropy.sum": {
            "value": 6921.1591796875,
            "min": 6921.1591796875,
            "max": 7150.2001953125,
            "count": 12
        },
        "PoliceAgent.Step.mean": {
            "value": 59975.0,
            "min": 4999.0,
            "max": 59975.0,
            "count": 12
        },
        "PoliceAgent.Step.sum": {
            "value": 59975.0,
            "min": 4999.0,
            "max": 59975.0,
            "count": 12
        },
        "PoliceAgent.Policy.ExtrinsicValueEstimate.mean": {
            "value": -16.179508209228516,
            "min": -30.842201232910156,
            "max": -0.08969665318727493,
            "count": 12
        },
        "PoliceAgent.Policy.ExtrinsicValueEstimate.sum": {
            "value": -2524.00341796875,
            "min": -4811.38330078125,
            "max": -13.992677688598633,
            "count": 12
        },
        "PoliceAgent.Environment.EpisodeLength.mean": {
            "value": 1254.0,
            "min": 1254.0,
            "max": 1254.0,
            "count": 1
        },
        "PoliceAgent.Environment.EpisodeLength.sum": {
            "value": 1254.0,
            "min": 1254.0,
            "max": 1254.0,
            "count": 1
        },
        "PoliceAgent.Environment.CumulativeReward.mean": {
            "value": -328.5212837457657,
            "min": -328.5212837457657,
            "max": -328.5212837457657,
            "count": 1
        },
        "PoliceAgent.Environment.CumulativeReward.sum": {
            "value": -328.5212837457657,
            "min": -328.5212837457657,
            "max": -328.5212837457657,
            "count": 1
        },
        "PoliceAgent.Policy.ExtrinsicReward.mean": {
            "value": -328.5212837457657,
            "min": -328.5212837457657,
            "max": -328.5212837457657,
            "count": 1
        },
        "PoliceAgent.Policy.ExtrinsicReward.sum": {
            "value": -328.5212837457657,
            "min": -328.5212837457657,
            "max": -328.5212837457657,
            "count": 1
        },
        "PoliceAgent.IsTraining.mean": {
            "value": 1.0,
            "min": 1.0,
            "max": 1.0,
            "count": 12
        },
        "PoliceAgent.IsTraining.sum": {
            "value": 1.0,
            "min": 1.0,
            "max": 1.0,
            "count": 12
        },
        "RunnerAgent.Policy.Entropy.mean": {
            "value": 1.4631283283233643,
            "min": 1.4189385175704956,
            "max": 1.4631283283233643,
            "count": 12
        },
        "RunnerAgent.Policy.Entropy.sum": {
            "value": 7303.9365234375,
            "min": 7119.43798828125,
            "max": 7303.9365234375,
            "count": 12
        },
        "RunnerAgent.Step.mean": {
            "value": 59975.0,
            "min": 4999.0,
            "max": 59975.0,
            "count": 12
        },
        "RunnerAgent.Step.sum": {
            "value": 59975.0,
            "min": 4999.0,
            "max": 59975.0,
            "count": 12
        },
        "RunnerAgent.Policy.ExtrinsicValueEstimate.mean": {
            "value": 11.12910270690918,
            "min": -0.05650351941585541,
            "max": 11.12910270690918,
            "count": 12
        },
        "RunnerAgent.Policy.ExtrinsicValueEstimate.sum": {
            "value": 1736.1400146484375,
            "min": -8.871052742004395,
            "max": 1736.1400146484375,
            "count": 12
        },
        "RunnerAgent.Environment.EpisodeLength.mean": {
            "value": 1254.0,
            "min": 1254.0,
            "max": 1254.0,
            "count": 1
        },
        "RunnerAgent.Environment.EpisodeLength.sum": {
            "value": 1254.0,
            "min": 1254.0,
            "max": 1254.0,
            "count": 1
        },
        "RunnerAgent.Environment.CumulativeReward.mean": {
            "value": 453.91328006982803,
            "min": 453.91328006982803,
            "max": 453.91328006982803,
            "count": 1
        },
        "RunnerAgent.Environment.CumulativeReward.sum": {
            "value": 453.91328006982803,
            "min": 453.91328006982803,
            "max": 453.91328006982803,
            "count": 1
        },
        "RunnerAgent.Policy.ExtrinsicReward.mean": {
            "value": 453.91328006982803,
            "min": 453.91328006982803,
            "max": 453.91328006982803,
            "count": 1
        },
        "RunnerAgent.Policy.ExtrinsicReward.sum": {
            "value": 453.91328006982803,
            "min": 453.91328006982803,
            "max": 453.91328006982803,
            "count": 1
        },
        "RunnerAgent.IsTraining.mean": {
            "value": 1.0,
            "min": 1.0,
            "max": 1.0,
            "count": 12
        },
        "RunnerAgent.IsTraining.sum": {
            "value": 1.0,
            "min": 1.0,
            "max": 1.0,
            "count": 12
        },
        "PoliceAgent.Losses.PolicyLoss.mean": {
            "value": 0.03134040104535719,
            "min": 0.026731343924378356,
            "max": 0.040744042365501325,
            "count": 11
        },
        "PoliceAgent.Losses.PolicyLoss.sum": {
            "value": 0.03134040104535719,
            "min": 0.026731343924378356,
            "max": 0.040744042365501325,
            "count": 11
        },
        "PoliceAgent.Losses.ValueLoss.mean": {
            "value": 5.538683899243673,
            "min": 3.083987323443095,
            "max": 168.3183469136556,
            "count": 11
        },
        "PoliceAgent.Losses.ValueLoss.sum": {
            "value": 5.538683899243673,
            "min": 3.083987323443095,
            "max": 168.3183469136556,
            "count": 11
        },
        "PoliceAgent.Policy.LearningRate.mean": {
            "value": 0.0004716765056647,
            "min": 0.0004716765056647,
            "max": 0.0004974365005126999,
            "count": 11
        },
        "PoliceAgent.Policy.LearningRate.sum": {
            "value": 0.0004716765056647,
            "min": 0.0004716765056647,
            "max": 0.0004974365005126999,
            "count": 11
        },
        "PoliceAgent.Policy.Epsilon.mean": {
            "value": 0.19433529999999996,
            "min": 0.19433529999999996,
            "max": 0.19948730000000006,
            "count": 11
        },
        "PoliceAgent.Policy.Epsilon.sum": {
            "value": 0.19433529999999996,
            "min": 0.19433529999999996,
            "max": 0.19948730000000006,
            "count": 11
        },
        "PoliceAgent.Policy.Beta.mean": {
            "value": 0.0009439194699999998,
            "min": 0.0009439194699999998,
            "max": 0.00099492427,
            "count": 11
        },
        "PoliceAgent.Policy.Beta.sum": {
            "value": 0.0009439194699999998,
            "min": 0.0009439194699999998,
            "max": 0.00099492427,
            "count": 11
        },
        "RunnerAgent.Losses.PolicyLoss.mean": {
            "value": 0.03169501430044572,
            "min": 0.02690722724267592,
            "max": 0.04629061313656469,
            "count": 11
        },
        "RunnerAgent.Losses.PolicyLoss.sum": {
            "value": 0.03169501430044572,
            "min": 0.02690722724267592,
            "max": 0.04629061313656469,
            "count": 11
        },
        "RunnerAgent.Losses.ValueLoss.mean": {
            "value": 5.456533575057984,
            "min": 5.456533575057984,
            "max": 197.65814590454102,
            "count": 11
        },
        "RunnerAgent.Losses.ValueLoss.sum": {
            "value": 5.456533575057984,
            "min": 5.456533575057984,