{
    "name": "root",
    "gauges": {
        "RunnerAgent.Policy.Entropy.mean": {
            "value": 0.6263347864151001,
            "min": 0.6116428375244141,
            "max": 0.6431488394737244,
            "count": 7
        },
        "RunnerAgent.Policy.Entropy.sum": {
            "value": 6263.97412109375,
            "min": 5255.1689453125,
            "max": 6384.8486328125,
            "count": 7
        },
        "RunnerAgent.Environment.EpisodeLength.mean": {
            "value": 96.09708737864078,
            "min": 95.29523809523809,
            "max": 103.86458333333333,
            "count": 7
        },
        "RunnerAgent.Environment.EpisodeLength.sum": {
            "value": 9898.0,
            "min": 8090.0,
            "max": 10006.0,
            "count": 7
        },
        "RunnerAgent.Step.mean": {
            "value": 2399881.0,
            "min": 2339926.0,
            "max": 2399881.0,
            "count": 7
        },
        "RunnerAgent.Step.sum": {
            "value": 2399881.0,
            "min": 2339926.0,
            "max": 2399881.0,
            "count": 7
        },
        "RunnerAgent.Policy.ExtrinsicValueEstimate.mean": {
            "value": 74.5782699584961,
            "min": 72.45894622802734,
            "max": 74.5782699584961,
            "count": 7
        },
        "RunnerAgent.Policy.ExtrinsicValueEstimate.sum": {
            "value": 10217.22265625,
            "min": 7753.10693359375,
            "max": 10353.044921875,
            "count": 7
        },
        "RunnerAgent.Environment.CumulativeReward.mean": {
            "value": 106.66522318443049,
            "min": 103.40741943422051,
            "max": 107.74842778137587,
            "count": 7
        },
        "RunnerAgent.Environment.CumulativeReward.sum": {
            "value": 10986.51798799634,
            "min": 8449.442630946636,
            "max": 11098.088061481714,
            "count": 7
        },
        "RunnerAgent.Policy.ExtrinsicReward.mean": {
            "value": 106.66522318443049,
            "min": 103.40741943422051,
            "max": 107.74842778137587,
            "count": 7
        },
        "RunnerAgent.Policy.ExtrinsicReward.sum": {
            "value": 10986.51798799634,
            "min": 8449.442630946636,
            "max": 11098.088061481714,
            "count": 7
        },
        "RunnerAgent.IsTraining.mean": {
            "value": 1.0,
            "min": 1.0,
            "max": 1.0,
            "count": 7
        },
        "RunnerAgent.IsTraining.sum": {
            "value": 1.0,
            "min": 1.0,
            "max": 1.0,
            "count": 7
        },
        "RunnerAgent.Losses.PolicyLoss.mean": {
            "value": 0.018772722664289178,
            "min": 0.012090213395034273,
            "max": 0.018772722664289178,
            "count": 3
        },
        "RunnerAgent.Losses.PolicyLoss.sum": {
            "value": 0.018772722664289178,
            "min": 0.012090213395034273,
            "max": 0.018772722664289178,
            "count": 3
        },
        "RunnerAgent.Losses.ValueLoss.mean": {
            "value": 22.769165356953938,
            "min": 14.050029341379801,
            "max": 22.769165356953938,
            "count": 3
        },
        "RunnerAgent.Losses.ValueLoss.sum": {
            "value": 22.769165356953938,
            "min": 14.050029341379801,
            "max": 22.769165356953938,
            "count": 3
        },
        "RunnerAgent.Policy.LearningRate.mean": {
            "value": 6.0653279782266674e-05,
            "min": 6.0653279782266674e-05,
            "max": 6.476027841326667e-05,
            "count": 3
        },
        "RunnerAgent.Policy.LearningRate.sum": {
            "value": 6.0653279782266674e-05,
            "min": 6.0653279782266674e-05,
            "max": 6.476027841326667e-05,
            "count": 3
        },
        "RunnerAgent.Policy.Epsilon.mean": {
            "value": 0.12021773333333335,
            "min": 0.12021773333333335,
            "max": 0.12158673333333334,
            "count": 3
        },
        "RunnerAgent.Policy.Epsilon.sum": {
            "value": 0.12021773333333335,
            "min": 0.12021773333333335,
            "max": 0.12158673333333334,
            "count": 3
        },
        "RunnerAgent.Policy.Beta.mean": {
            "value": 0.0010188648933333333,
            "min": 0.0010188648933333333,
            "max": 0.0010871779933333335,
            "count": 3
        },
        "RunnerAgent.Policy.Beta.sum": {
            "value": 0.0010188648933333333,
            "min": 0.0010188648933333333,
            "max": 0.0010871779933333335,
            "count": 3
        }
    },
    "metadata": {
        "timer_format_version": "0.1.0",
        "start_time_seconds": "1763652008",
        "python_version": "3.10.9 (tags/v3.10.9:1dd9be6, Dec  6 2022, 20:01:21) [MSC v.1934 64 bit (AMD64)]",
        "command_line_arguments": "C:\\Users\\asier\\OneDrive\\Escritorio\\Uni\\Deusto\\4\\ReinforcmentLearning\\police-thief-rl\\.venv\\Scripts\\mlagents-learn training/configs/car_agent.yaml --run-id=run4 --resume --no-graphics --env .\\build\\My project.exe",
        "mlagents_version": "1.1.0",
        "mlagents_envs_version": "1.1.0",
        "communication_protocol_version": "1.5.0",
        "pytorch_version": "1.13.1+cpu",
        "numpy_version": "1.23.5",
        "end_time_seconds": "1763652259"
    },
    "total": 250.38137829999323,
    "count": 1,
    "self": 0.1487838000030024,
    "children": {
        "run_training.setup": {
            "total": 0.12589139999181498,
            "count": 1,
            "self": 0.12589139999181498
        },
        "TrainerController.start_learning": {
            "total": 250.1067030999984,
            "count": 1,
            "self": 0.7504059993952978,
            "children": {
                "TrainerController._reset_env": {
                    "total": 3.650972900009947,
                    "count": 1,
                    "self": 3.650972900009947
                },
                "TrainerController.advance": {
                    "total": 245.61939730060112,
                    "count": 72012,
                    "self": 0.6929288019891828,
                    "children": {
                        "env_step": {
                            "total": 224.58438609990117,
                            "count": 72012,
                            "self": 166.60051900135295,
                            "children": {
                                "SubprocessEnvManager._take_step": {
                                    "total": 57.4927981995279,
                                    "count": 72012,
                                    "self": 1.9460138993163127,
                                    "children": {
                                        "TorchPolicy.evaluate": {
                                            "total": 55.546784300211584,
                                            "count": 71436,
                                            "self": 55.546784300211584
                                        }
                                    }
                                },
                                "workers": {
                                    "total": 0.4910688990203198,
                                    "count": 72011,
                                    "self": 0.0,
                                    "children": {
                                        "worker_root": {
                                            "total": 245.16078650057898,
                                            "count": 72011,
                                            "is_parallel": true,
                                            "self": 118.50937719992362,
                                            "children": {
                                                "steps_from_proto": {
                                                    "total": 0.00043139999615959823,