{
    "name": "root",
    "gauges": {
        "RunnerAgent.Policy.Entropy.mean": {
            "value": 0.9987238645553589,
            "min": 0.9987238645553589,
            "max": 0.9987238645553589,
            "count": 1
        },
        "RunnerAgent.Policy.Entropy.sum": {
            "value": 9552.7939453125,
            "min": 9552.7939453125,
            "max": 9552.7939453125,
            "count": 1
        },
        "RunnerAgent.Step.mean": {
            "value": 5359906.0,
            "min": 5359906.0,
            "max": 5359906.0,
            "count": 1
        },
        "RunnerAgent.Step.sum": {
            "value": 5359906.0,
            "min": 5359906.0,
            "max": 5359906.0,
            "count": 1
        },
        "RunnerAgent.Policy.ExtrinsicValueEstimate.mean": {
            "value": -41.99917221069336,
            "min": -41.99917221069336,
            "max": -41.99917221069336,
            "count": 1
        },
        "RunnerAgent.Policy.ExtrinsicValueEstimate.sum": {
            "value": -3485.93115234375,
            "min": -3485.93115234375,
            "max": -3485.93115234375,
            "count": 1
        },
        "RunnerAgent.Environment.EpisodeLength.mean": {
            "value": 340.60714285714283,
            "min": 340.60714285714283,
            "max": 340.60714285714283,
            "count": 1
        },
        "RunnerAgent.Environment.EpisodeLength.sum": {
            "value": 9537.0,
            "min": 9537.0,
            "max": 9537.0,
            "count": 1
        },
        "RunnerAgent.Environment.CumulativeReward.mean": {
            "value": 83.89145450238829,
            "min": 83.89145450238829,
            "max": 83.89145450238829,
            "count": 1
        },
        "RunnerAgent.Environment.CumulativeReward.sum": {
            "value": 2265.0692715644836,
            "min": 2265.0692715644836,
            "max": 2265.0692715644836,
            "count": 1
        },
        "RunnerAgent.Policy.ExtrinsicReward.mean": {
            "value": 83.89145450238829,
            "min": 83.89145450238829,
            "max": 83.89145450238829,
            "count": 1
        },
        "RunnerAgent.Policy.ExtrinsicReward.sum": {
            "value": 2265.0692715644836,
            "min": 2265.0692715644836,
            "max": 2265.0692715644836,
            "count": 1
        },
        "RunnerAgent.IsTraining.mean": {
            "value": 1.0,
            "min": 1.0,
            "max": 1.0,
            "count": 1
        },
        "RunnerAgent.IsTraining.sum": {
            "value": 1.0,
            "min": 1.0,
            "max": 1.0,
            "count": 1
        }
    },
    "metadata": {
        "timer_format_version": "0.1.0",
        "start_time_seconds": "1763994576",
        "python_version": "3.10.9 (tags/v3.10.9:1dd9be6, Dec  6 2022, 20:01:21) [MSC v.1934 64 bit (AMD64)]",
        "command_line_arguments": "C:\\Users\\asier.larrazabal\\Desktop\\police-thief-rl\\.venv_ml\\Scripts\\mlagents-learn training/configs/car_agent.yaml --run-id=run4 --resume --no-graphics --env .\\build\\My project.exe",
        "mlagents_version": "1.1.0",
        "mlagents_envs_version": "1.1.0",
        "communication_protocol_version": "1.5.0",
        "pytorch_version": "1.13.1+cpu",
        "numpy_version": "1.23.5",
        "end_time_seconds": "1763994627"
    },
    "total": 51.690601700000116,
    "count": 1,
    "self": 0.18047770000021046,
    "children": {
        "run_training.setup": {
            "total": 0.1113140000002204,
            "count": 1,
            "self": 0.1113140000002204
        },
        "TrainerController.start_learning": {
            "total": 51.398809999999685,
            "count": 1,
            "self": 0.18060040000909794,
            "children": {
                "TrainerController._reset_env": {
                    "total": 3.725282800000059,
                    "count": 1,
                    "self": 3.725282800000059
                },
                "TrainerController.advance": {
                    "total": 47.34782029999042,
                    "count": 11726,
                    "self": 0.17030910001585653,
                    "children": {
                        "env_step": {
                            "total": 46.154690099959225,
                            "count": 11726,
                            "self": 32.18128419998811,
                            "children": {
                                "SubprocessEnvManager._take_step": {
                                    "total": 13.855259699997532,
                                    "count": 11726,
                                    "self": 0.4558686000400485,
                                    "children": {
                                        "TorchPolicy.evaluate": {
                                            "total": 13.399391099957484,
                                            "count": 11704,
                                            "self": 13.399391099957484
                                        }
                                    }
                                },
                                "workers": {
                                    "total": 0.11814619997358022,
                                    "count": 11725,
                                    "self": 0.0,
                                    "children": {
                                        "worker_root": {
                                            "total": 47.29425400001264,
                                            "count": 11725,
                                            "is_parallel": true,
                                            "self": 23.84216990000914,
                                            "children": {
                                                "steps_from_proto": {
                                                    "total": 0.0003816000003098452,
                                                    "count": 1,
                                                    "is_parallel": true,
                                                    "self": 0.00021080000033180113,
                                                    "children": {
                                                        "_process_rank_one_or_two_observation": {
                                                            "total": 0.00017079999997804407,
                                                            "count": 4,
                                                            "is_parallel": true,
                                                            "self": 0.00017079999997804407
                                                        }
                                                    }
                                                },
                                                "UnityEnvironment.step": {
                                                    "total": 23.451702500003194,
                                                    "count": 11725,
                                                    "is_parallel": true,
                                                    "self": 0.7105879999480749,
                                                    "children": {
                                                        "UnityEnvironment._generate_step_input": {
                                                            "total": 0.51924080000299,
                                                            "count": 11725,
                                                            "is_parallel": true,
                                                            "self": 0.51924080000299
                                                        },
                                                        "communicator.exchange": {
                                                            "total": 19.584854000046107,
                                                            "count": 11725,