{
    "name": "root",
    "gauges": {
        "RunnerAgent.Policy.Entropy.mean": {
            "value": 1.0575567483901978,
            "min": 0.9241877794265747,
            "max": 1.0575567483901978,
            "count": 2
        },
        "RunnerAgent.Policy.Entropy.sum": {
            "value": 10563.9345703125,
            "min": 5021.1123046875,
            "max": 10563.9345703125,
            "count": 2
        },
        "RunnerAgent.Step.mean": {
            "value": 5329951.0,
            "min": 5319962.0,
            "max": 5329951.0,
            "count": 2
        },
        "RunnerAgent.Step.sum": {
            "value": 5329951.0,
            "min": 5319962.0,
            "max": 5329951.0,
            "count": 2
        },
        "RunnerAgent.Policy.ExtrinsicValueEstimate.mean": {
            "value": -40.450618743896484,
            "min": -40.450618743896484,
            "max": -35.82371139526367,
            "count": 2
        },
        "RunnerAgent.Policy.ExtrinsicValueEstimate.sum": {
            "value": -3640.5556640625,
            "min": -3640.5556640625,
            "max": -1719.5382080078125,
            "count": 2
        },
        "RunnerAgent.Environment.EpisodeLength.mean": {
            "value": 296.55882352941177,
            "min": 296.0,
            "max": 296.55882352941177,
            "count": 2
        },
        "RunnerAgent.Environment.EpisodeLength.sum": {
            "value": 10083.0,
            "min": 5032.0,
            "max": 10083.0,
            "count": 2
        },
        "RunnerAgent.Environment.CumulativeReward.mean": {
            "value": -98.8443553868462,
            "min": -98.8443553868462,
            "max": -80.62850926202886,
            "count": 2
        },
        "RunnerAgent.Environment.CumulativeReward.sum": {
            "value": -3360.708083152771,
            "min": -3360.708083152771,
            "max": -1370.6846574544907,
            "count": 2
        },
        "RunnerAgent.Policy.ExtrinsicReward.mean": {
            "value": -98.8443553868462,
            "min": -98.8443553868462,
            "max": -80.62850926202886,
            "count": 2
        },
        "RunnerAgent.Policy.ExtrinsicReward.sum": {
            "value": -3360.708083152771,
            "min": -3360.708083152771,
            "max": -1370.6846574544907,
            "count": 2
        },
        "RunnerAgent.IsTraining.mean": {
            "value": 1.0,
            "min": 1.0,
            "max": 1.0,
            "count": 2
        },
        "RunnerAgent.IsTraining.sum": {
            "value": 1.0,
            "min": 1.0,
            "max": 1.0,
            "count": 2
        }
    },
    "metadata": {
        "timer_format_version": "0.1.0",
        "start_time_seconds": "1763673543",
        "python_version": "3.10.9 (tags/v3.10.9:1dd9be6, Dec  6 2022, 20:01:21) [MSC v.1934 64 bit (AMD64)]",
        "command_line_arguments": "C:\\Users\\asier\\OneDrive\\Escritorio\\Uni\\Deusto\\4\\ReinforcmentLearning\\police-thief-rl\\.venv\\Scripts\\mlagents-learn training/configs/car_agent.yaml --run-id=run4 --resume --no-graphics --env .\\build\\My project.exe",
        "mlagents_version": "1.1.0",
        "mlagents_envs_version": "1.1.0",
        "communication_protocol_version": "1.5.0",
        "pytorch_version": "1.13.1+cpu",
        "numpy_version": "1.23.5",
        "end_time_seconds": "1763673642"
    },
    "total": 99.35392399999546,
    "count": 1,
    "self": 0.286823500005994,
    "children": {
        "run_training.setup": {
            "total": 0.2135340999957407,
            "count": 1,
            "self": 0.2135340999957407
        },
        "TrainerController.start_learning": {
            "total": 98.85356639999372,
            "count": 1,
            "self": 0.42805920136743225,
            "children": {
                "TrainerController._reset_env": {
                    "total": 4.652063400004408,
                    "count": 1,
                    "self": 4.652063400004408
                },
                "TrainerController.advance": {
                    "total": 93.54068139863375,
                    "count": 15764,
                    "self": 0.3644428996485658,
                    "children": {
                        "env_step": {
                            "total": 90.73850299952028,
                            "count": 15764,
                            "self": 60.478872600608156,
                            "children": {
                                "SubprocessEnvManager._take_step": {
                                    "total": 30.01996029901784,
                                    "count": 15764,
                                    "self": 0.9358435991307488,
                                    "children": {
                                        "TorchPolicy.evaluate": {
                                            "total": 29.08411669988709,
                                            "count": 15723,
                                            "self": 29.08411669988709
                                        }
                                    }
                                },
                                "workers": {
                                    "total": 0.23967009989428334,
                                    "count": 15763,
                                    "self": 0.0,
                                    "children": {
                                        "worker_root": {
                                            "total": 93.5592271994683,
                                            "count": 15763,
                                            "is_parallel": true,
                                            "self": 51.99758899907465,
                                            "children": {
                                                "steps_from_proto": {
                                                    "total": 0.00048809999134391546,
                                                    "count": 1,
                                                    "is_parallel": true,
                                                    "self": 0.0002401999954599887,
                                                    "children": {
                                                        "_process_rank_one_or_two_observation": {
                                                            "total": 0.00024789999588392675,
                                                            "count": 4,
                                                            "is_parallel": true,
                                                            "self": 0.00024789999588392675
                                                        }
                                                    }
                                                },
                                                "UnityEnvironment.step": {
                                                    "total": 41.5611501004023,
                                                    "count": 15763,
                                                    "is_parallel": true,
                                                    "self": 1.2267023991589667,
                                                    "children": {
                                                        "UnityEnvironment._generate_step_input": {
                                                            "total": 1.1220531015278539,
                                                            "count": 15763,
                                                            "is_parallel": true,
                                                            "self": 1.1220531015278539
                                                        },
                                                        "communicator.exchange": {
                                                            "total": 34.32771630119532,