{
    "name": "root",
    "gauges": {
        "CarAgent.Policy.Entropy.mean": {
            "value": -1.1920928244535389e-07,
            "min": -1.1920928244535389e-07,
            "max": -1.1920928244535389e-07,
            "count": 5
        },
        "CarAgent.Policy.Entropy.sum": {
            "value": -0.00012207030522404239,
            "min": -0.00012207030522404239,
            "max": -0.00011444091069279239,
            "count": 5
        },
        "CarAgent.Step.mean": {
            "value": 4992.0,
            "min": 960.0,
            "max": 4992.0,
            "count": 5
        },
        "CarAgent.Step.sum": {
            "value": 4992.0,
            "min": 960.0,
            "max": 4992.0,
            "count": 5
        },
        "CarAgent.Policy.ExtrinsicValueEstimate.mean": {
            "value": 0.0,
            "min": 0.0,
            "max": 0.0,
            "count": 5
        },
        "CarAgent.Policy.ExtrinsicValueEstimate.sum": {
            "value": 0.0,
            "min": 0.0,
            "max": 0.0,
            "count": 5
        },
        "CarAgent.IsTraining.mean": {
            "value": 1.0,
            "min": 1.0,
            "max": 1.0,
            "count": 5
        },
        "CarAgent.IsTraining.sum": {
            "value": 1.0,
            "min": 1.0,
            "max": 1.0,
            "count": 5
        },
        "CarAgent.Losses.PolicyLoss.mean": {
            "value": 0.0,
            "min": 0.0,
            "max": 0.0,
            "count": 2
        },
        "CarAgent.Losses.PolicyLoss.sum": {
            "value": 0.0,
            "min": 0.0,
            "max": 0.0,
            "count": 2
        },
        "CarAgent.Losses.ValueLoss.mean": {
            "value": 0.0,
            "min": 0.0,
            "max": 0.0,
            "count": 2
        },
        "CarAgent.Losses.ValueLoss.sum": {
            "value": 0.0,
            "min": 0.0,
            "max": 0.0,
            "count": 2
        },
        "CarAgent.Policy.LearningRate.mean": {
            "value": 0.00027465600844799997,
            "min": 0.00027465600844799997,
            "max": 0.00028732800422399995,
            "count": 2
        },
        "CarAgent.Policy.LearningRate.sum": {
            "value": 0.00027465600844799997,
            "min": 0.00027465600844799997,
            "max": 0.00028732800422399995,
            "count": 2
        },
        "CarAgent.Policy.Epsilon.mean": {
            "value": 0.19155200000000003,
            "min": 0.19155200000000003,
            "max": 0.19577599999999995,
            "count": 2
        },
        "CarAgent.Policy.Epsilon.sum": {
            "value": 0.19155200000000003,
            "min": 0.19155200000000003,
            "max": 0.19577599999999995,
            "count": 2
        },
        "CarAgent.Policy.Beta.mean": {
            "value": 0.0045784448,
            "min": 0.0045784448,
            "max": 0.004789222400000001,
            "count": 2
        },
        "CarAgent.Policy.Beta.sum": {
            "value": 0.0045784448,
            "min": 0.0045784448,
            "max": 0.004789222400000001,
            "count": 2
        }
    },
    "metadata": {
        "timer_format_version": "0.1.0",
        "start_time_seconds": "1759156312",
        "python_version": "3.10.11 (tags/v3.10.11:7d4cc5a, Apr  5 2023, 00:38:17) [MSC v.1929 64 bit (AMD64)]",
        "command_line_arguments": "C:\\Users\\asier.aurre\\Documents\\Reinforced Learning\\police-thief-rl\\.venv\\Scripts\\mlagents-learn training\\configs\\car_agent.yaml --run-id=run221 --train",
        "mlagents_version": "1.1.0",
        "mlagents_envs_version": "1.1.0",
        "communication_protocol_version": "1.5.0",
        "pytorch_version": "2.8.0+cpu",
        "numpy_version": "1.23.5",
        "end_time_seconds": "1759156492"
    },
    "total": 180.64870449999944,
    "count": 1,
    "self": 0.007848799996281741,
    "children": {
        "run_training.setup": {
            "total": 0.06611580000026152,
            "count": 1,
            "self": 0.06611580000026152
        },
        "TrainerController.start_learning": {
            "total": 180.5747399000029,
            "count": 1,
            "self": 0.08701209981518332,
            "children": {
                "TrainerController._reset_env": {
                    "total": 6.582385499998054,
                    "count": 1,
                    "self": 6.582385499998054
                },
                "TrainerController.advance": {
                    "total": 173.82250890018986,
                    "count": 5711,
                    "self": 0.07544480032811407,
                    "children": {
                        "env_step": {
                            "total": 172.19190849993902,
                            "count": 5711,
                            "self": 167.61352919964338,
                            "children": {
                                "SubprocessEnvManager._take_step": {
                                    "total": 4.520467900019867,
                                    "count": 5711,
                                    "self": 0.19817820017487975,
                                    "children": {
                                        "TorchPolicy.evaluate": {
                                            "total": 4.322289699844987,
                                            "count": 5711,
                                            "self": 4.322289699844987
                                        }
                                    }
                                },
                                "workers": {
                                    "total": 0.057911400275770575,
                                    "count": 5710,
                                    "self": 0.0,
                                    "children": {
                                        "worker_root": {
                                            "total": 52.10507230009898,
                                            "count": 5710,
                                            "is_parallel": true,
                                            "self": 10.999765200176626,
                                            "children": {
                                                "steps_from_proto": {
                                                    "total": 0.0002611999989312608,
                                                    "count": 1,
                                                    "is_parallel": true,
                                                    "self": 0.000143599998409627,
                                                    "children": {
                                                        "_process_rank_one_or_two_observation": {
                                                            "total": 0.00011760000052163377,
                                                            "count": 2,
                                                            "is_parallel": true,
                                                            "self": 0.00011760000052163377
                                                        }
                                                    }
                                                },
                                                "UnityEnvironment.step": {
                                                    "total": 41.105045899923425,
                                                    "count": 5710,
                                                    "is_parallel": true,
                                                    "self": 0.31728079997265013,
                                                    "children": {
                                                        "UnityEnvironment._generate_step_input": {
                                                            "total": 0.2466628999391105,
                                                            "count": 5710,