{
    "name": "root",
    "gauges": {
        "RunnerAgent.Policy.Entropy.mean": {
            "value": 1.8330929279327393,
            "min": 1.8330929279327393,
            "max": 2.196638584136963,
            "count": 37
        },
        "RunnerAgent.Policy.Entropy.sum": {
            "value": 18329.095703125,
            "min": 18329.095703125,
            "max": 22116.34765625,
            "count": 37
        },
        "RunnerAgent.Step.mean": {
            "value": 369975.0,
            "min": 9941.0,
            "max": 369975.0,
            "count": 37
        },
        "RunnerAgent.Step.sum": {
            "value": 369975.0,
            "min": 9941.0,
            "max": 369975.0,
            "count": 37
        },
        "RunnerAgent.Policy.ExtrinsicValueEstimate.mean": {
            "value": 16.044902801513672,
            "min": -3.237454652786255,
            "max": 16.044902801513672,
            "count": 37
        },
        "RunnerAgent.Policy.ExtrinsicValueEstimate.sum": {
            "value": 1877.253662109375,
            "min": -333.45782470703125,
            "max": 1877.253662109375,
            "count": 37
        },
        "RunnerAgent.Environment.EpisodeLength.mean": {
            "value": 154.8,
            "min": 154.8,
            "max": 337.37931034482756,
            "count": 37
        },
        "RunnerAgent.Environment.EpisodeLength.sum": {
            "value": 10062.0,
            "min": 9619.0,
            "max": 10257.0,
            "count": 37
        },
        "RunnerAgent.Environment.CumulativeReward.mean": {
            "value": 51.821470998227596,
            "min": -22.404700226824858,
            "max": 60.5404592438748,
            "count": 37
        },
        "RunnerAgent.Environment.CumulativeReward.sum": {
            "value": 3316.574143886566,
            "min": -663.3763386458158,
            "max": 3450.8061769008636,
            "count": 37
        },
        "RunnerAgent.Policy.ExtrinsicReward.mean": {
            "value": 51.821470998227596,
            "min": -22.404700226824858,
            "max": 60.5404592438748,
            "count": 37
        },
        "RunnerAgent.Policy.ExtrinsicReward.sum": {
            "value": 3316.574143886566,
            "min": -663.3763386458158,
            "max": 3450.8061769008636,
            "count": 37
        },
        "RunnerAgent.IsTraining.mean": {
            "value": 1.0,
            "min": 1.0,
            "max": 1.0,
            "count": 37
        },
        "RunnerAgent.IsTraining.sum": {
            "value": 1.0,
            "min": 1.0,
            "max": 1.0,
            "count": 37
        },
        "RunnerAgent.Losses.PolicyLoss.mean": {
            "value": 0.016741609290086976,
            "min": 0.01458119739157458,
            "max": 0.020589458290487528,
            "count": 18
        },
        "RunnerAgent.Losses.PolicyLoss.sum": {
            "value": 0.016741609290086976,
            "min": 0.01458119739157458,
            "max": 0.020589458290487528,
            "count": 18
        },
        "RunnerAgent.Losses.ValueLoss.mean": {
            "value": 84.5880812327067,
            "min": 0.8770390609900157,
            "max": 84.5880812327067,
            "count": 18
        },
        "RunnerAgent.Losses.ValueLoss.sum": {
            "value": 84.5880812327067,
            "min": 0.8770390609900157,
            "max": 84.5880812327067,
            "count": 18
        },
        "RunnerAgent.Policy.LearningRate.mean": {
            "value": 0.00026304371231876666,
            "min": 0.00026304371231876666,
            "max": 0.00029795060068313334,
            "count": 18
        },
        "RunnerAgent.Policy.LearningRate.sum": {
            "value": 0.00026304371231876666,
            "min": 0.00026304371231876666,
            "max": 0.00029795060068313334,
            "count": 18
        },
        "RunnerAgent.Policy.Epsilon.mean": {
            "value": 0.1876812333333334,
            "min": 0.1876812333333334,
            "max": 0.19931686666666673,
            "count": 18
        },
        "RunnerAgent.Policy.Epsilon.sum": {
            "value": 0.1876812333333334,
            "min": 0.1876812333333334,
            "max": 0.19931686666666673,
            "count": 18
        },
        "RunnerAgent.Policy.Beta.mean": {
            "value": 0.004385293543333333,
            "min": 0.004385293543333333,
            "max": 0.0049659116466666655,
            "count": 18
        },
        "RunnerAgent.Policy.Beta.sum": {
            "value": 0.004385293543333333,
            "min": 0.004385293543333333,
            "max": 0.0049659116466666655,
            "count": 18
        }
    },
    "metadata": {
        "timer_format_version": "0.1.0",
        "start_time_seconds": "1763571919",
        "python_version": "3.10.9 (tags/v3.10.9:1dd9be6, Dec  6 2022, 20:01:21) [MSC v.1934 64 bit (AMD64)]",
        "command_line_arguments": "C:\\Users\\asier.larrazabal\\Desktop\\police-thief-rl\\.venv_ml\\Scripts\\mlagents-learn training/configs/car_agent.yaml --run-id=run3 --train --no-graphics --env .\\build\\My project.exe",
        "mlagents_version": "1.1.0",
        "mlagents_envs_version": "1.1.0",
        "communication_protocol_version": "1.5.0",
        "pytorch_version": "1.13.1+cpu",
        "numpy_version": "1.23.5",
        "end_time_seconds": "1763573576"
    },
    "total": 1657.0022346000005,
    "count": 1,
    "self": 0.22014120000130788,
    "children": {
        "run_training.setup": {
            "total": 0.1255111999998917,
            "count": 1,
            "self": 0.1255111999998917
        },
        "TrainerController.start_learning": {
            "total": 1656.6565821999993,
            "count": 1,
            "self": 5.54561759882381,
            "children": {
                "TrainerController._reset_env": {
                    "total": 3.819109000000026,
                    "count": 1,
                    "self": 3.819109000000026
                },
                "TrainerController.advance": {
                    "total": 1647.1688180011752,
                    "count": 372036,
                    "self": 5.2362835018502665,
                    "children": {
                        "env_step": {
                            "total": 1524.6497377999476,
                            "count": 372036,
                            "self": 1059.3371963994177,
                            "children": {
                                "SubprocessEnvManager._take_step": {
                                    "total": 461.5729638006014,
                                    "count": 372036,
                                    "self": 14.44868630097335,
                                    "children": {
                                        "TorchPolicy.evaluate": {
                                            "total": 447.1242774996281,
                                            "count": 370825,
                                            "self": 447.1242774996281
                                        }
                                    }
                                },
                                "workers": {
                                    "total": 3.7395775999284524,
                                    "count": 372035,
                                    "self": 0.0,
                                    "children": {
                                        "worker_root": {
                                            "total": 1644.6043011996044,
                                            "count": 372035,
                                            "is_parallel": true,
                                            "self": 862.2024835993216,
                                            "children": {
                                                "steps_from_proto": {
                                                    "total": 0.0004768999988300493,