{
    "name": "root",
    "gauges": {
        "RunnerAgent.Policy.Entropy.mean": {
            "value": 0.9461451768875122,
            "min": 0.9461451768875122,
            "max": 1.7964860200881958,
            "count": 35
        },
        "RunnerAgent.Policy.Entropy.sum": {
            "value": 9516.328125,
            "min": 9516.328125,
            "max": 17548.234375,
            "count": 35
        },
        "RunnerAgent.Environment.EpisodeLength.mean": {
            "value": 65.14285714285714,
            "min": 62.98076923076923,
            "max": 147.3548387096774,
            "count": 35
        },
        "RunnerAgent.Environment.EpisodeLength.sum": {
            "value": 10032.0,
            "min": 9136.0,
            "max": 10083.0,
            "count": 35
        },
        "RunnerAgent.Step.mean": {
            "value": 719997.0,
            "min": 379950.0,
            "max": 719997.0,
            "count": 35
        },
        "RunnerAgent.Step.sum": {
            "value": 719997.0,
            "min": 379950.0,
            "max": 719997.0,
            "count": 35
        },
        "RunnerAgent.Policy.ExtrinsicValueEstimate.mean": {
            "value": 76.76316833496094,
            "min": 14.064281463623047,
            "max": 79.8780517578125,
            "count": 35
        },
        "RunnerAgent.Policy.ExtrinsicValueEstimate.sum": {
            "value": 11898.291015625,
            "min": 1518.9423828125,
            "max": 12460.9765625,
            "count": 35
        },
        "RunnerAgent.Environment.CumulativeReward.mean": {
            "value": 109.56190292040507,
            "min": 49.902747932027594,
            "max": 116.254583245232,
            "count": 35
        },
        "RunnerAgent.Environment.CumulativeReward.sum": {
            "value": 16762.971146821976,
            "min": 3044.0676238536835,
            "max": 17688.893134832382,
            "count": 35
        },
        "RunnerAgent.Policy.ExtrinsicReward.mean": {
            "value": 109.56190292040507,
            "min": 49.902747932027594,
            "max": 116.254583245232,
            "count": 35
        },
        "RunnerAgent.Policy.ExtrinsicReward.sum": {
            "value": 16762.971146821976,
            "min": 3044.0676238536835,
            "max": 17688.893134832382,
            "count": 35
        },
        "RunnerAgent.IsTraining.mean": {
            "value": 1.0,
            "min": 1.0,
            "max": 1.0,
            "count": 35
        },
        "RunnerAgent.IsTraining.sum": {
            "value": 1.0,
            "min": 1.0,
            "max": 1.0,
            "count": 35
        },
        "RunnerAgent.Losses.PolicyLoss.mean": {
            "value": 0.01650896410768231,
            "min": 0.011810240832467874,
            "max": 0.020097400019100556,
            "count": 17
        },
        "RunnerAgent.Losses.PolicyLoss.sum": {
            "value": 0.01650896410768231,
            "min": 0.011810240832467874,
            "max": 0.020097400019100556,
            "count": 17
        },
        "RunnerAgent.Losses.ValueLoss.mean": {
            "value": 59.51613375345866,
            "min": 59.51613375345866,
            "max": 135.71432800292968,
            "count": 17
        },
        "RunnerAgent.Losses.ValueLoss.sum": {
            "value": 59.51613375345866,
            "min": 59.51613375345866,
            "max": 135.71432800292968,
            "count": 17
        },
        "RunnerAgent.Policy.LearningRate.mean": {
            "value": 0.00022803042398986662,
            "min": 0.00022803042398986662,
            "max": 0.00026086621304459987,
            "count": 17
        },
        "RunnerAgent.Policy.LearningRate.sum": {
            "value": 0.00022803042398986662,
            "min": 0.00022803042398986662,
            "max": 0.00026086621304459987,
            "count": 17
        },
        "RunnerAgent.Policy.Epsilon.mean": {
            "value": 0.17601013333333337,
            "min": 0.17601013333333337,
            "max": 0.18695540000000008,
            "count": 17
        },
        "RunnerAgent.Policy.Epsilon.sum": {
            "value": 0.17601013333333337,
            "min": 0.17601013333333337,
            "max": 0.18695540000000008,
            "count": 17
        },
        "RunnerAgent.Policy.Beta.mean": {
            "value": 0.0038029056533333324,
            "min": 0.0038029056533333324,
            "max": 0.00434907446,
            "count": 17
        },
        "RunnerAgent.Policy.Beta.sum": {
            "value": 0.0038029056533333324,
            "min": 0.0038029056533333324,
            "max": 0.00434907446,
            "count": 17
        }
    },
    "metadata": {
        "timer_format_version": "0.1.0",
        "start_time_seconds": "1763577868",
        "python_version": "3.10.9 (tags/v3.10.9:1dd9be6, Dec  6 2022, 20:01:21) [MSC v.1934 64 bit (AMD64)]",
        "command_line_arguments": "C:\\Users\\asier\\OneDrive\\Escritorio\\Uni\\Deusto\\4\\ReinforcmentLearning\\police-thief-rl\\.venv\\Scripts\\mlagents-learn training/configs/car_agent.yaml --run-id=run3 --resume --no-graphics --env .\\build\\My project.exe",
        "mlagents_version": "1.1.0",
        "mlagents_envs_version": "1.1.0",
        "communication_protocol_version": "1.5.0",
        "pytorch_version": "1.13.1+cpu",
        "numpy_version": "1.23.5",
        "end_time_seconds": "1763579250"
    },
    "total": 1381.6097211000001,
    "count": 1,
    "self": 0.27364610000040557,
    "children": {
        "run_training.setup": {
            "total": 0.15323669999997946,
            "count": 1,
            "self": 0.15323669999997946
        },
        "TrainerController.start_learning": {
            "total": 1381.1828382999997,
            "count": 1,
            "self": 4.473477300004788,
            "children": {
                "TrainerController._reset_env": {
                    "total": 4.1112137000000075,
                    "count": 1,
                    "self": 4.1112137000000075
                },
                "TrainerController.advance": {
                    "total": 1372.4948370999948,
                    "count": 353495,
                    "self": 4.5741593999689485,
                    "children": {
                        "env_step": {
                            "total": 1248.8860563999494,
                            "count": 353495,
                            "self": 874.00916449991,
                            "children": {
                                "SubprocessEnvManager._take_step": {
                                    "total": 371.91276239998797,
                                    "count": 353495,
                                    "self": 12.021184399927392,
                                    "children": {
                                        "TorchPolicy.evaluate": {
                                            "total": 359.8915780000606,
                                            "count": 349899,
                                            "self": 359.8915780000606
                                        }
                                    }
                                },
                                "workers": {
                                    "total": 2.964129500051513,
                                    "count": 353494,
                                    "self": 0.0,
                                    "children": {
                                        "worker_root": {
                                            "total": 1370.3922222000267,
                                            "count": 353494,
                                            "is_parallel": true,
                                            "self": 737.1273112000472,
                                            "children": {
                                                "steps_from_proto": {
                                                    "total": 0.00046929999996336846,