{
    "name": "root",
    "gauges": {
        "RunnerAgent.Policy.Entropy.mean": {
            "value": 1.4446508884429932,
            "min": 1.4189385175704956,
            "max": 1.4510772228240967,
            "count": 15
        },
        "RunnerAgent.Policy.Entropy.sum": {
            "value": 7257.92626953125,
            "min": 7079.30859375,
            "max": 7260.6865234375,
            "count": 15
        },
        "RunnerAgent.Step.mean": {
            "value": 74992.0,
            "min": 4992.0,
            "max": 74992.0,
            "count": 15
        },
        "RunnerAgent.Step.sum": {
            "value": 74992.0,
            "min": 4992.0,
            "max": 74992.0,
            "count": 15
        },
        "RunnerAgent.Policy.ExtrinsicValueEstimate.mean": {
            "value": 15.271613121032715,
            "min": -0.3756497800350189,
            "max": 15.271613121032715,
            "count": 15
        },
        "RunnerAgent.Policy.ExtrinsicValueEstimate.sum": {
            "value": 2397.643310546875,
            "min": -58.60136795043945,
            "max": 2397.643310546875,
            "count": 15
        },
        "RunnerAgent.IsTraining.mean": {
            "value": 1.0,
            "min": 1.0,
            "max": 1.0,
            "count": 15
        },
        "RunnerAgent.IsTraining.sum": {
            "value": 1.0,
            "min": 1.0,
            "max": 1.0,
            "count": 15
        },
        "PoliceAgent.Policy.Entropy.mean": {
            "value": 1.3662716150283813,
            "min": 1.3662716150283813,
            "max": 1.4189385175704956,
            "count": 15
        },
        "PoliceAgent.Policy.Entropy.sum": {
            "value": 6864.1484375,
            "min": 6828.9169921875,
            "max": 7128.7470703125,
            "count": 15
        },
        "PoliceAgent.Step.mean": {
            "value": 74992.0,
            "min": 4992.0,
            "max": 74992.0,
            "count": 15
        },
        "PoliceAgent.Step.sum": {
            "value": 74992.0,
            "min": 4992.0,
            "max": 74992.0,
            "count": 15
        },
        "PoliceAgent.Policy.ExtrinsicValueEstimate.mean": {
            "value": -12.155613899230957,
            "min": -12.155613899230957,
            "max": -0.008386240340769291,
            "count": 15
        },
        "PoliceAgent.Policy.ExtrinsicValueEstimate.sum": {
            "value": -1908.431396484375,
            "min": -1908.431396484375,
            "max": -1.308253526687622,
            "count": 15
        },
        "PoliceAgent.IsTraining.mean": {
            "value": 1.0,
            "min": 1.0,
            "max": 1.0,
            "count": 15
        },
        "PoliceAgent.IsTraining.sum": {
            "value": 1.0,
            "min": 1.0,
            "max": 1.0,
            "count": 15
        },
        "RunnerAgent.Losses.PolicyLoss.mean": {
            "value": 0.03687537754885852,
            "min": 0.027342614197793106,
            "max": 0.04317785676879187,
            "count": 14
        },
        "RunnerAgent.Losses.PolicyLoss.sum": {
            "value": 0.03687537754885852,
            "min": 0.027342614197793106,
            "max": 0.04317785676879187,
            "count": 14
        },
        "RunnerAgent.Losses.ValueLoss.mean": {
            "value": 28.116110356648765,
            "min": 0.6461226056019466,
            "max": 81.29455769856771,
            "count": 14
        },
        "RunnerAgent.Losses.ValueLoss.sum": {
            "value": 28.116110356648765,
            "min": 0.6461226056019466,
            "max": 81.29455769856771,
            "count": 14
        },
        "RunnerAgent.Policy.LearningRate.mean": {
            "value": 0.0004639760072048001,
            "min": 0.0004639760072048001,
            "max": 0.0004974240005152001,
            "count": 14
        },
        "RunnerAgent.Policy.LearningRate.sum": {
            "value": 0.0004639760072048001,
            "min": 0.0004639760072048001,
            "max": 0.0004974240005152001,
            "count": 14
        },
        "RunnerAgent.Policy.Epsilon.mean": {
            "value": 0.1927952,
            "min": 0.1927952,
            "max": 0.1994848000000001,
            "count": 14
        },
        "RunnerAgent.Policy.Epsilon.sum": {
            "value": 0.1927952,
            "min": 0.1927952,
            "max": 0.1994848000000001,
            "count": 14
        },
        "RunnerAgent.Policy.Beta.mean": {
            "value": 0.00092867248,
            "min": 0.00092867248,
            "max": 0.0009948995199999995,
            "count": 14
        },
        "RunnerAgent.Policy.Beta.sum": {
            "value": 0.00092867248,
            "min": 0.00092867248,
            "max": 0.0009948995199999995,
            "count": 14
        },
        "PoliceAgent.Losses.PolicyLoss.mean": {
            "value": 0.0388750330855449,
            "min": 0.027650009545808037,
            "max": 0.03972349596830706,
            "count": 14
        },
        "PoliceAgent.Losses.PolicyLoss.sum": {
            "value": 0.0388750330855449,
            "min": 0.027650009545808037,
            "max": 0.03972349596830706,
            "count": 14
        },
        "PoliceAgent.Losses.ValueLoss.mean": {
            "value": 37.276745382944746,
            "min": 0.3590700089931488,
            "max": 57.054447174072266,
            "count": 14
        },
        "PoliceAgent.Losses.ValueLoss.sum": {
            "value": 37.276745382944746,
            "min": 0.3590700089931488,
            "max": 57.054447174072266,
            "count": 14
        },
        "PoliceAgent.Policy.LearningRate.mean": {
            "value": 0.0004639760072048001,
            "min": 0.0004639760072048001,
            "max": 0.0004974240005152001,
            "count": 14
        },
        "PoliceAgent.Policy.LearningRate.sum": {
            "value": 0.0004639760072048001,
            "min": 0.0004639760072048001,
            "max": 0.0004974240005152001,
            "count": 14
        },
        "PoliceAgent.Policy.Epsilon.mean": {
            "value": 0.1927952,
            "min": 0.1927952,
            "max": 0.1994848000000001,
            "count": 14
        },
        "PoliceAgent.Policy.Epsilon.sum": {
            "value": 0.1927952,
            "min": 0.1927952,
            "max": 0.1994848000000001,
            "count": 14
        },
        "PoliceAgent.Policy.Beta.mean": {
            "value": 0.00092867248,
            "min": 0.00092867248,
            "max": 0.0009948995199999995,
            "count": 14
        },
        "PoliceAgent.Policy.Beta.sum": {
            "value": 0.00092867248,
            "min": 0.00092867248,
            "max": 0.0009948995199999995,
            "count": 14
        },
        "RunnerAgent.Environment.EpisodeLength.mean": {
            "value": 6457.0,
            "min": 1811.5,
            "max": 12856.0,
            "count": 5
        },
        "RunnerAgent.Environment.EpisodeLength.sum": {
            "value": 19371.0,
            "min": 3623.0,
            "max": 19371.0,
            "count": 5
        },
        "RunnerAgent.Environment.CumulativeReward.mean": {
            "value": 900.9271374543508,
            "min": 475.61209201812744,
            "max": 13125.442951917648,
            "count": 5
        },
        "RunnerAgent.Environment.CumulativeReward.sum": {
            "value": 2702.7814123630524,
            "min": 951.2241840362549,
            "max": 13125.442951917648,
            "count": 5
        },
        "RunnerAgent.Policy.ExtrinsicReward.mean": {
            "value": 900.9271374543508,
            "min": 475.61209201812744,
            "max": 13125.442951917648,
            "count": 5
        },
        "RunnerAgent.Policy.ExtrinsicReward.sum": {
            "value": 2702.7814123630524,
            "min": 951.2241840362549,
            "max": 13125.442951917648,