{
    "name": "root",
    "gauges": {
        "RunnerAgent.Policy.Entropy.mean": {
            "value": 1.9568164348602295,
            "min": 1.9568164348602295,
            "max": 2.1971042156219482,
            "count": 7
        },
        "RunnerAgent.Policy.Entropy.sum": {
            "value": 9786.0390625,
            "min": 9786.0390625,
            "max": 11108.55859375,
            "count": 7
        },
        "RunnerAgent.Step.mean": {
            "value": 34944.0,
            "min": 4992.0,
            "max": 34944.0,
            "count": 7
        },
        "RunnerAgent.Step.sum": {
            "value": 34944.0,
            "min": 4992.0,
            "max": 34944.0,
            "count": 7
        },
        "RunnerAgent.Policy.ExtrinsicValueEstimate.mean": {
            "value": -0.3399563729763031,
            "min": -0.3399563729763031,
            "max": 0.07107683271169662,
            "count": 7
        },
        "RunnerAgent.Policy.ExtrinsicValueEstimate.sum": {
            "value": -26.516597747802734,
            "min": -26.516597747802734,
            "max": 5.54399299621582,
            "count": 7
        },
        "RunnerAgent.IsTraining.mean": {
            "value": 1.0,
            "min": 1.0,
            "max": 1.0,
            "count": 7
        },
        "RunnerAgent.IsTraining.sum": {
            "value": 1.0,
            "min": 1.0,
            "max": 1.0,
            "count": 7
        },
        "RunnerAgent.Losses.PolicyLoss.mean": {
            "value": 0.02955264695143948,
            "min": 0.027893953413392108,
            "max": 0.04161860229602705,
            "count": 6
        },
        "RunnerAgent.Losses.PolicyLoss.sum": {
            "value": 0.02955264695143948,
            "min": 0.027893953413392108,
            "max": 0.04161860229602705,
            "count": 6
        },
        "RunnerAgent.Losses.ValueLoss.mean": {
            "value": 0.0015449403474728266,
            "min": 0.0015449403474728266,
            "max": 0.01048183566890657,
            "count": 6
        },
        "RunnerAgent.Losses.ValueLoss.sum": {
            "value": 0.0015449403474728266,
            "min": 0.0015449403474728266,
            "max": 0.01048183566890657,
            "count": 6
        },
        "RunnerAgent.Policy.LearningRate.mean": {
            "value": 0.00048444800311039986,
            "min": 0.00048444800311039986,
            "max": 0.0004974080005184003,
            "count": 6
        },
        "RunnerAgent.Policy.LearningRate.sum": {
            "value": 0.00048444800311039986,
            "min": 0.00048444800311039986,
            "max": 0.0004974080005184003,
            "count": 6
        },
        "RunnerAgent.Policy.Epsilon.mean": {
            "value": 0.19688960000000008,
            "min": 0.19688960000000008,
            "max": 0.19948160000000006,
            "count": 6
        },
        "RunnerAgent.Policy.Epsilon.sum": {
            "value": 0.19688960000000008,
            "min": 0.19688960000000008,
            "max": 0.19948160000000006,
            "count": 6
        },
        "RunnerAgent.Policy.Beta.mean": {
            "value": 0.0009692070399999999,
            "min": 0.0009692070399999999,
            "max": 0.00099486784,
            "count": 6
        },
        "RunnerAgent.Policy.Beta.sum": {
            "value": 0.0009692070399999999,
            "min": 0.0009692070399999999,
            "max": 0.00099486784,
            "count": 6
        }
    },
    "metadata": {
        "timer_format_version": "0.1.0",
        "start_time_seconds": "1762894128",
        "python_version": "3.10.9 (tags/v3.10.9:1dd9be6, Dec  6 2022, 20:01:21) [MSC v.1934 64 bit (AMD64)]",
        "command_line_arguments": "C:\\Users\\asier\\OneDrive\\Escritorio\\Uni\\Deusto\\4\\ReinforcmentLearning\\police-thief-rl\\.venv\\Scripts\\mlagents-learn training/configs/car_agent.yaml --run-id=run3056 --train",
        "mlagents_version": "1.1.0",
        "mlagents_envs_version": "1.1.0",
        "communication_protocol_version": "1.5.0",
        "pytorch_version": "2.9.0+cpu",
        "numpy_version": "1.23.5",
        "end_time_seconds": "1762894548"
    },
    "total": 419.8848195000028,
    "count": 1,
    "self": 0.007547600005636923,
    "children": {
        "run_training.setup": {
            "total": 0.13526650000130758,
            "count": 1,
            "self": 0.13526650000130758
        },
        "TrainerController.start_learning": {
            "total": 419.74200539999583,
            "count": 1,
            "self": 0.5117259977996582,
            "children": {
                "TrainerController._reset_env": {
                    "total": 6.981516400002874,
                    "count": 1,
                    "self": 6.981516400002874
                },
                "TrainerController.advance": {
                    "total": 412.23651960220013,
                    "count": 36483,
                    "self": 0.5431703002395807,
                    "children": {
                        "env_step": {
                            "total": 401.85108360309096,
                            "count": 36483,
                            "self": 363.4981317029451,
                            "children": {
                                "SubprocessEnvManager._take_step": {
                                    "total": 38.04158219817327,
                                    "count": 36484,
                                    "self": 1.2441268992988626,
                                    "children": {
                                        "TorchPolicy.evaluate": {
                                            "total": 36.79745529887441,
                                            "count": 37377,
                                            "self": 36.79745529887441
                                        }
                                    }
                                },
                                "workers": {
                                    "total": 0.3113697019725805,
                                    "count": 36482,
                                    "self": 0.0,
                                    "children": {
                                        "worker_root": {
                                            "total": 336.54970199953823,
                                            "count": 36482,
                                            "is_parallel": true,
                                            "self": 76.83057430012559,
                                            "children": {
                                                "steps_from_proto": {
                                                    "total": 0.0008525999874109402,
                                                    "count": 4,
                                                    "is_parallel": true,
                                                    "self": 0.0003991999546997249,
                                                    "children": {
                                                        "_process_rank_one_or_two_observation": {
                                                            "total": 0.0004534000327112153,
                                                            "count": 12,
                                                            "is_parallel": true,
                                                            "self": 0.0004534000327112153
                                                        }
                                                    }
                                                },
                                                "UnityEnvironment.step": {
                                                    "total": 259.7182750994252,
                                                    "count": 36482,
                                                    "is_parallel": true,
                                                    "self": 3.0580560993257677,