{
    "name": "root",
    "gauges": {
        "PoliceAgent.Policy.Entropy.mean": {
            "value": 1.4205424785614014,
            "min": 1.4189385175704956,
            "max": 1.4223142862319946,
            "count": 4
        },
        "PoliceAgent.Policy.Entropy.sum": {
            "value": 7095.60986328125,
            "min": 7094.6923828125,
            "max": 7121.4111328125,
            "count": 4
        },
        "PoliceAgent.Step.mean": {
            "value": 19973.0,
            "min": 4992.0,
            "max": 19973.0,
            "count": 4
        },
        "PoliceAgent.Step.sum": {
            "value": 19973.0,
            "min": 4992.0,
            "max": 19973.0,
            "count": 4
        },
        "PoliceAgent.Policy.ExtrinsicValueEstimate.mean": {
            "value": -1.2860796451568604,
            "min": -1.2860796451568604,
            "max": 0.08460074663162231,
            "count": 4
        },
        "PoliceAgent.Policy.ExtrinsicValueEstimate.sum": {
            "value": -225.06393432617188,
            "min": -225.06393432617188,
            "max": 14.720529556274414,
            "count": 4
        },
        "PoliceAgent.Environment.EpisodeLength.mean": {
            "value": 197.52,
            "min": 194.28,
            "max": 199.0,
            "count": 4
        },
        "PoliceAgent.Environment.EpisodeLength.sum": {
            "value": 4938.0,
            "min": 4857.0,
            "max": 4975.0,
            "count": 4
        },
        "PoliceAgent.Environment.CumulativeReward.mean": {
            "value": -23.727111182399096,
            "min": -25.90597666233778,
            "max": -23.727111182399096,
            "count": 4
        },
        "PoliceAgent.Environment.CumulativeReward.sum": {
            "value": -593.1777795599774,
            "min": -666.195742174983,
            "max": -588.124491147697,
            "count": 4
        },
        "PoliceAgent.Policy.ExtrinsicReward.mean": {
            "value": -23.727111182399096,
            "min": -25.90597666233778,
            "max": -23.727111182399096,
            "count": 4
        },
        "PoliceAgent.Policy.ExtrinsicReward.sum": {
            "value": -593.1777795599774,
            "min": -666.195742174983,
            "max": -588.124491147697,
            "count": 4
        },
        "PoliceAgent.IsTraining.mean": {
            "value": 1.0,
            "min": 1.0,
            "max": 1.0,
            "count": 4
        },
        "PoliceAgent.IsTraining.sum": {
            "value": 1.0,
            "min": 1.0,
            "max": 1.0,
            "count": 4
        },
        "RunnerAgent.Policy.Entropy.mean": {
            "value": 1.4217709302902222,
            "min": 1.418283224105835,
            "max": 1.4217709302902222,
            "count": 4
        },
        "RunnerAgent.Policy.Entropy.sum": {
            "value": 7101.74609375,
            "min": 7091.416015625,
            "max": 7109.37158203125,
            "count": 4
        },
        "RunnerAgent.Step.mean": {
            "value": 19973.0,
            "min": 4992.0,
            "max": 19973.0,
            "count": 4
        },
        "RunnerAgent.Step.sum": {
            "value": 19973.0,
            "min": 4992.0,
            "max": 19973.0,
            "count": 4
        },
        "RunnerAgent.Policy.ExtrinsicValueEstimate.mean": {
            "value": 1.7641756534576416,
            "min": -0.08344866335391998,
            "max": 1.7641756534576416,
            "count": 4
        },
        "RunnerAgent.Policy.ExtrinsicValueEstimate.sum": {
            "value": 308.7307434082031,
            "min": -14.52006721496582,
            "max": 308.7307434082031,
            "count": 4
        },
        "RunnerAgent.Environment.EpisodeLength.mean": {
            "value": 197.52,
            "min": 194.28,
            "max": 199.0,
            "count": 4
        },
        "RunnerAgent.Environment.EpisodeLength.sum": {
            "value": 4938.0,
            "min": 4857.0,
            "max": 4975.0,
            "count": 4
        },
        "RunnerAgent.Environment.CumulativeReward.mean": {
            "value": 43.57852148294449,
            "min": 43.57852148294449,
            "max": 45.895289092063905,
            "count": 4
        },
        "RunnerAgent.Environment.CumulativeReward.sum": {
            "value": 1089.4630370736122,
            "min": 1066.9720355272293,
            "max": 1173.6155011057854,
            "count": 4
        },
        "RunnerAgent.Policy.ExtrinsicReward.mean": {
            "value": 43.57852148294449,
            "min": 43.57852148294449,
            "max": 45.895289092063905,
            "count": 4
        },
        "RunnerAgent.Policy.ExtrinsicReward.sum": {
            "value": 1089.4630370736122,
            "min": 1066.9720355272293,
            "max": 1173.6155011057854,
            "count": 4
        },
        "RunnerAgent.IsTraining.mean": {
            "value": 1.0,
            "min": 1.0,
            "max": 1.0,
            "count": 4
        },
        "RunnerAgent.IsTraining.sum": {
            "value": 1.0,
            "min": 1.0,
            "max": 1.0,
            "count": 4
        },
        "PoliceAgent.Losses.PolicyLoss.mean": {
            "value": 0.031199370805794994,
            "min": 0.031199370805794994,
            "max": 0.04298800761656215,
            "count": 3
        },
        "PoliceAgent.Losses.PolicyLoss.sum": {
            "value": 0.031199370805794994,
            "min": 0.031199370805794994,
            "max": 0.04298800761656215,
            "count": 3
        },
        "PoliceAgent.Losses.ValueLoss.mean": {
            "value": 0.45081606805324553,
            "min": 0.45081606805324553,
            "max": 0.728719487786293,
            "count": 3
        },
        "PoliceAgent.Losses.ValueLoss.sum": {
            "value": 0.45081606805324553,
            "min": 0.45081606805324553,
            "max": 0.728719487786293,
            "count": 3
        },
        "PoliceAgent.Policy.LearningRate.mean": {
            "value": 0.0004614750077049998,
            "min": 0.0004614750077049998,
            "max": 0.00048718000256399983,
            "count": 3
        },
        "PoliceAgent.Policy.LearningRate.sum": {
            "value": 0.0004614750077049998,
            "min": 0.0004614750077049998,
            "max": 0.00048718000256399983,
            "count": 3
        },
        "PoliceAgent.Policy.Epsilon.mean": {
            "value": 0.19229499999999997,
            "min": 0.19229499999999997,
            "max": 0.19743599999999997,
            "count": 3
        },
        "PoliceAgent.Policy.Epsilon.sum": {
            "value": 0.19229499999999997,
            "min": 0.19229499999999997,
            "max": 0.19743599999999997,
            "count": 3
        },
        "PoliceAgent.Policy.Beta.mean": {
            "value": 0.0009237204999999999,
            "min": 0.0009237204999999999,
            "max": 0.0009746163999999999,
            "count": 3
        },
        "PoliceAgent.Policy.Beta.sum": {
            "value": 0.0009237204999999999,
            "min": 0.0009237204999999999,
            "max": 0.0009746163999999999,
            "count": 3
        },
        "RunnerAgent.Losses.PolicyLoss.mean": {
            "value": 0.03709700770365695,
            "min": 0.03300783922895789,
            "max": 0.03709700770365695,
            "count": 3
        },
        "RunnerAgent.Losses.PolicyLoss.sum": {
            "value": 0.03709700770365695,
            "min": 0.03300783922895789,
            "max": 0.03709700770365695,
            "count": 3
        },
        "RunnerAgent.Losses.ValueLoss.mean": {
            "value": 1.6868995825449626,
            "min": 1.6868995825449626,
            "max": 2.7520601113637286,
            "count": 3
        },
        "RunnerAgent.Losses.ValueLoss.sum": {
            "value": 1.6868995825449626,
            "min": 1.6868995825449626,