{
    "name": "root",
    "gauges": {
        "PoliceAgent.Policy.Entropy.mean": {
            "value": 1.4189385175704956,
            "min": 1.4189385175704956,
            "max": 1.4189385175704956,
            "count": 1
        },
        "PoliceAgent.Policy.Entropy.sum": {
            "value": 7128.7470703125,
            "min": 7128.7470703125,
            "max": 7128.7470703125,
            "count": 1
        },
        "PoliceAgent.Step.mean": {
            "value": 4992.0,
            "min": 4992.0,
            "max": 4992.0,
            "count": 1
        },
        "PoliceAgent.Step.sum": {
            "value": 4992.0,
            "min": 4992.0,
            "max": 4992.0,
            "count": 1
        },
        "PoliceAgent.Policy.ExtrinsicValueEstimate.mean": {
            "value": 0.13437174260616302,
            "min": 0.13437174260616302,
            "max": 0.13437174260616302,
            "count": 1
        },
        "PoliceAgent.Policy.ExtrinsicValueEstimate.sum": {
            "value": 20.961992263793945,
            "min": 20.961992263793945,
            "max": 20.961992263793945,
            "count": 1
        },
        "PoliceAgent.IsTraining.mean": {
            "value": 1.0,
            "min": 1.0,
            "max": 1.0,
            "count": 1
        },
        "PoliceAgent.IsTraining.sum": {
            "value": 1.0,
            "min": 1.0,
            "max": 1.0,
            "count": 1
        },
        "RunnerAgent.Policy.Entropy.mean": {
            "value": 2.1941163539886475,
            "min": 2.1941163539886475,
            "max": 2.1969947814941406,
            "count": 2
        },
        "RunnerAgent.Policy.Entropy.sum": {
            "value": 10953.0283203125,
            "min": 10953.0283203125,
            "max": 11108.005859375,
            "count": 2
        },
        "RunnerAgent.Step.mean": {
            "value": 9984.0,
            "min": 4992.0,
            "max": 9984.0,
            "count": 2
        },
        "RunnerAgent.Step.sum": {
            "value": 9984.0,
            "min": 4992.0,
            "max": 9984.0,
            "count": 2
        },
        "RunnerAgent.Policy.ExtrinsicValueEstimate.mean": {
            "value": 0.08291593194007874,
            "min": 0.07729415595531464,
            "max": 0.08291593194007874,
            "count": 2
        },
        "RunnerAgent.Policy.ExtrinsicValueEstimate.sum": {
            "value": 6.467442512512207,
            "min": 6.02894401550293,
            "max": 6.467442512512207,
            "count": 2
        },
        "RunnerAgent.IsTraining.mean": {
            "value": 1.0,
            "min": 1.0,
            "max": 1.0,
            "count": 2
        },
        "RunnerAgent.IsTraining.sum": {
            "value": 1.0,
            "min": 1.0,
            "max": 1.0,
            "count": 2
        },
        "RunnerAgent.Losses.PolicyLoss.mean": {
            "value": 0.03450266142996649,
            "min": 0.03450266142996649,
            "max": 0.03450266142996649,
            "count": 1
        },
        "RunnerAgent.Losses.PolicyLoss.sum": {
            "value": 0.03450266142996649,
            "min": 0.03450266142996649,
            "max": 0.03450266142996649,
            "count": 1
        },
        "RunnerAgent.Losses.ValueLoss.mean": {
            "value": 0.011642877214277784,
            "min": 0.011642877214277784,
            "max": 0.011642877214277784,
            "count": 1
        },
        "RunnerAgent.Losses.ValueLoss.sum": {
            "value": 0.011642877214277784,
            "min": 0.011642877214277784,
            "max": 0.011642877214277784,
            "count": 1
        },
        "RunnerAgent.Policy.LearningRate.mean": {
            "value": 0.0004974080005184003,
            "min": 0.0004974080005184003,
            "max": 0.0004974080005184003,
            "count": 1
        },
        "RunnerAgent.Policy.LearningRate.sum": {
            "value": 0.0004974080005184003,
            "min": 0.0004974080005184003,
            "max": 0.0004974080005184003,
            "count": 1
        },
        "RunnerAgent.Policy.Epsilon.mean": {
            "value": 0.19948160000000006,
            "min": 0.19948160000000006,
            "max": 0.19948160000000006,
            "count": 1
        },
        "RunnerAgent.Policy.Epsilon.sum": {
            "value": 0.19948160000000006,
            "min": 0.19948160000000006,
            "max": 0.19948160000000006,
            "count": 1
        },
        "RunnerAgent.Policy.Beta.mean": {
            "value": 0.00099486784,
            "min": 0.00099486784,
            "max": 0.00099486784,
            "count": 1
        },
        "RunnerAgent.Policy.Beta.sum": {
            "value": 0.00099486784,
            "min": 0.00099486784,
            "max": 0.00099486784,
            "count": 1
        }
    },
    "metadata": {
        "timer_format_version": "0.1.0",
        "start_time_seconds": "1762893576",
        "python_version": "3.10.9 (tags/v3.10.9:1dd9be6, Dec  6 2022, 20:01:21) [MSC v.1934 64 bit (AMD64)]",
        "command_line_arguments": "C:\\Users\\asier\\OneDrive\\Escritorio\\Uni\\Deusto\\4\\ReinforcmentLearning\\police-thief-rl\\.venv\\Scripts\\mlagents-learn training\\configs\\car_agent.yaml --run-id=run301 --train",
        "mlagents_version": "1.1.0",
        "mlagents_envs_version": "1.1.0",
        "communication_protocol_version": "1.5.0",
        "pytorch_version": "2.9.0+cpu",
        "numpy_version": "1.23.5",
        "end_time_seconds": "1762893854"
    },
    "total": 277.28234570000495,
    "count": 1,
    "self": 0.008841799994115718,
    "children": {
        "run_training.setup": {
            "total": 0.17389800000819378,
            "count": 1,
            "self": 0.17389800000819378
        },
        "TrainerController.start_learning": {
            "total": 277.09960590000264,
            "count": 1,
            "self": 0.21025070003815927,
            "children": {
                "TrainerController._reset_env": {
                    "total": 11.808297399998992,
                    "count": 1,
                    "self": 11.808297399998992
                },
                "TrainerController.advance": {
                    "total": 265.05749499995727,
                    "count": 14962,
                    "self": 0.2290167998726247,
                    "children": {
                        "env_step": {
                            "total": 260.35890529997414,
                            "count": 14962,
                            "self": 240.84758100034378,
                            "children": {
                                "SubprocessEnvManager._take_step": {
                                    "total": 19.375342298837495,
                                    "count": 14962,
                                    "self": 0.7870726979454048,
                                    "children": {
                                        "TorchPolicy.evaluate": {
                                            "total": 18.58826960089209,
                                            "count": 23892,
                                            "self": 18.58826960089209
                                        }
                                    }
                                },
                                "workers": {
                                    "total": 0.1359820007928647,
                                    "count": 14961,
                                    "self": 0.0,
                                    "children": {
                                        "worker_root": {
                                            "total": 203.46860490064137,
                                            "count": 14961,
                                            "is_parallel": true,
                                            "self": 37.34491600084584,