{
    "name": "root",
    "metadata": {
        "timer_format_version": "0.1.0",
        "start_time_seconds": "1762790074",
        "python_version": "3.10.9 (tags/v3.10.9:1dd9be6, Dec  6 2022, 20:01:21) [MSC v.1934 64 bit (AMD64)]",
        "command_line_arguments": "C:\\Users\\asier.larrazabal\\Desktop\\police-thief-rl\\.venv\\Scripts\\mlagents-learn training\\configs\\car_agent.yaml --run-id=run206 --train",
        "mlagents_version": "1.1.0",
        "mlagents_envs_version": "1.1.0",
        "communication_protocol_version": "1.5.0",
        "pytorch_version": "2.9.0+cpu",
        "numpy_version": "1.23.5",
        "end_time_seconds": "1762790162"
    },
    "total": 88.5087497999998,
    "count": 1,
    "self": 0.008070399999724032,
    "children": {
        "run_training.setup": {
            "total": 0.09809470000027432,
            "count": 1,
            "self": 0.09809470000027432
        },
        "TrainerController.start_learning": {
            "total": 88.4025846999998,
            "count": 1,
            "self": 0.04893780000429615,
            "children": {
                "TrainerController._reset_env": {
                    "total": 8.585179200000312,
                    "count": 1,
                    "self": 8.585179200000312
                },
                "TrainerController.advance": {
                    "total": 79.756132599995,
                    "count": 3114,
                    "self": 0.053753799984406214,
                    "children": {
                        "env_step": {
                            "total": 79.07570689999784,
                            "count": 3114,
                            "self": 74.03618909998568,
                            "children": {
                                "SubprocessEnvManager._take_step": {
                                    "total": 5.010599800013097,
                                    "count": 3114,
                                    "self": 0.2192267999998876,
                                    "children": {
                                        "TorchPolicy.evaluate": {
                                            "total": 4.791373000013209,
                                            "count": 6228,
                                            "self": 4.791373000013209
                                        }
                                    }
                                },
                                "workers": {
                                    "total": 0.028917999999066524,
                                    "count": 3113,
                                    "self": 0.0,
                                    "children": {
                                        "worker_root": {
                                            "total": 39.37009439998883,
                                            "count": 3113,
                                            "is_parallel": true,
                                            "self": 9.532668200001353,
                                            "children": {
                                                "steps_from_proto": {
                                                    "total": 0.0004067999998369487,
                                                    "count": 2,
                                                    "is_parallel": true,
                                                    "self": 0.0002129999998032872,
                                                    "children": {
                                                        "_process_rank_one_or_two_observation": {
                                                            "total": 0.0001938000000336615,
                                                            "count": 6,
                                                            "is_parallel": true,
                                                            "self": 0.0001938000000336615
                                                        }
                                                    }
                                                },
                                                "UnityEnvironment.step": {
                                                    "total": 29.83701939998764,
                                                    "count": 3113,
                                                    "is_parallel": true,
                                                    "self": 0.2593141999800537,
                                                    "children": {
                                                        "UnityEnvironment._generate_step_input": {
                                                            "total": 0.21874820001130502,
                                                            "count": 3113,
                                                            "is_parallel": true,
                                                            "self": 0.21874820001130502
                                                        },
                                                        "communicator.exchange": {
                                                            "total": 28.30905340000345,
                                                            "count": 3113,
                                                            "is_parallel": true,
                                                            "self": 28.30905340000345
                                                        },
                                                        "steps_from_proto": {
                                                            "total": 1.049903599992831,
                                                            "count": 6226,
                                                            "is_parallel": true,
                                                            "self": 0.6034765000017615,
                                                            "children": {
                                                                "_process_rank_one_or_two_observation": {
                                                                    "total": 0.44642709999106955,
                                                                    "count": 18678,
                                                                    "is_parallel": true,
                                                                    "self": 0.44642709999106955
                                                                }
                                                            }
                                                        }
                                                    }
                                                }
                                            }
                                        }
                                    }
                                }
                            }
                        },
                        "trainer_advance": {
                            "total": 0.6266719000127523,
                            "count": 6226,
                            "self": 0.07590940000045521,
                            "children": {
                                "process_trajectory": {
                                    "total": 0.5507625000122971,
                                    "count": 6226,
                                    "self": 0.5507625000122971
                                }
                            }
                        }
                    }
                },
                "trainer_threads": {
                    "total": 1.2000000424450263e-06,
                    "count": 1,
                    "self": 1.2000000424450263e-06
                },
                "TrainerController._save_models": {
                    "total": 0.012333900000157882,
                    "count": 1,
                    "self": 1.700000029813964e-05,