{
    "name": "root",
    "metadata": {
        "timer_format_version": "0.1.0",
        "start_time_seconds": "1762894046",
        "python_version": "3.10.9 (tags/v3.10.9:1dd9be6, Dec  6 2022, 20:01:21) [MSC v.1934 64 bit (AMD64)]",
        "command_line_arguments": "C:\\Users\\asier\\OneDrive\\Escritorio\\Uni\\Deusto\\4\\ReinforcmentLearning\\police-thief-rl\\.venv\\Scripts\\mlagents-learn training/configs/car_agent.yaml --run-id=run305 --train",
        "mlagents_version": "1.1.0",
        "mlagents_envs_version": "1.1.0",
        "communication_protocol_version": "1.5.0",
        "pytorch_version": "2.9.0+cpu",
        "numpy_version": "1.23.5",
        "end_time_seconds": "1762894119"
    },
    "total": 73.84248049999587,
    "count": 1,
    "self": 0.005940200004260987,
    "children": {
        "run_training.setup": {
            "total": 0.13807169999927282,
            "count": 1,
            "self": 0.13807169999927282
        },
        "TrainerController.start_learning": {
            "total": 73.69846859999234,
            "count": 1,
            "self": 0.04906249974737875,
            "children": {
                "TrainerController._reset_env": {
                    "total": 10.312679599999683,
                    "count": 1,
                    "self": 10.312679599999683
                },
                "TrainerController.advance": {
                    "total": 63.32723490023636,
                    "count": 3260,
                    "self": 0.049814200232503936,
                    "children": {
                        "env_step": {
                            "total": 62.95112899976084,
                            "count": 3260,
                            "self": 59.21479399879172,
                            "children": {
                                "SubprocessEnvManager._take_step": {
                                    "total": 3.7076108008186566,
                                    "count": 3260,
                                    "self": 0.1293106005905429,
                                    "children": {
                                        "TorchPolicy.evaluate": {
                                            "total": 3.5783002002281137,
                                            "count": 3814,
                                            "self": 3.5783002002281137
                                        }
                                    }
                                },
                                "workers": {
                                    "total": 0.02872420015046373,
                                    "count": 3259,
                                    "self": 0.0,
                                    "children": {
                                        "worker_root": {
                                            "total": 54.91318129976571,
                                            "count": 3259,
                                            "is_parallel": true,
                                            "self": 8.138948099847767,
                                            "children": {
                                                "steps_from_proto": {
                                                    "total": 0.00048439999227412045,
                                                    "count": 2,
                                                    "is_parallel": true,
                                                    "self": 0.00023669999791309237,
                                                    "children": {
                                                        "_process_rank_one_or_two_observation": {
                                                            "total": 0.0002476999943610281,
                                                            "count": 6,
                                                            "is_parallel": true,
                                                            "self": 0.0002476999943610281
                                                        }
                                                    }
                                                },
                                                "UnityEnvironment.step": {
                                                    "total": 46.77374879992567,
                                                    "count": 3259,
                                                    "is_parallel": true,
                                                    "self": 0.2748574984871084,
                                                    "children": {
                                                        "UnityEnvironment._generate_step_input": {
                                                            "total": 0.15682749987172429,
                                                            "count": 3259,
                                                            "is_parallel": true,
                                                            "self": 0.15682749987172429
                                                        },
                                                        "communicator.exchange": {
                                                            "total": 45.4605865010526,
                                                            "count": 3259,
                                                            "is_parallel": true,
                                                            "self": 45.4605865010526
                                                        },
                                                        "steps_from_proto": {
                                                            "total": 0.8814773005142342,
                                                            "count": 6514,
                                                            "is_parallel": true,
                                                            "self": 0.45822659933764953,
                                                            "children": {
                                                                "_process_rank_one_or_two_observation": {
                                                                    "total": 0.4232507011765847,
                                                                    "count": 19542,
                                                                    "is_parallel": true,
                                                                    "self": 0.4232507011765847
                                                                }
                                                            }
                                                        }
                                                    }
                                                }
                                            }
                                        }
                                    }
                                }
                            }
                        },
                        "trainer_advance": {
                            "total": 0.32629170024301857,
                            "count": 6518,
                            "self": 0.0731102998543065,
                            "children": {
                                "process_trajectory": {
                                    "total": 0.25318140038871206,
                                    "count": 6518,
                                    "self": 0.25318140038871206
                                }
                            }
                        }
                    }
                },
                "trainer_threads": {
                    "total": 1.00000761449337e-06,
                    "count": 1,
                    "self": 1.00000761449337e-06
                },
                "TrainerController._save_models": {
                    "total": 0.009490600001299754,
                    "count": 1,
                    "self": 2.3800006601959467e-05,