{
    "name": "root",
    "gauges": {
        "PoliceAgent.Policy.Entropy.mean": {
            "value": 0.15647806227207184,
            "min": 0.14550752937793732,
            "max": 0.3847355246543884,
            "count": 9
        },
        "PoliceAgent.Policy.Entropy.sum": {
            "value": 779.1043090820312,
            "min": 727.1011352539062,
            "max": 1513.549560546875,
            "count": 9
        },
        "PoliceAgent.Step.mean": {
            "value": 1004990.0,
            "min": 964973.0,
            "max": 1004990.0,
            "count": 9
        },
        "PoliceAgent.Step.sum": {
            "value": 1004990.0,
            "min": 964973.0,
            "max": 1004990.0,
            "count": 9
        },
        "PoliceAgent.Policy.ExtrinsicValueEstimate.mean": {
            "value": 19.12265968322754,
            "min": -1.1156315803527832,
            "max": 19.169174194335938,
            "count": 9
        },
        "PoliceAgent.Policy.ExtrinsicValueEstimate.sum": {
            "value": 3461.201416015625,
            "min": -159.53530883789062,
            "max": 3507.958740234375,
            "count": 9
        },
        "PoliceAgent.Environment.EpisodeLength.mean": {
            "value": 80.33870967741936,
            "min": 80.33870967741936,
            "max": 87.1896551724138,
            "count": 9
        },
        "PoliceAgent.Environment.EpisodeLength.sum": {
            "value": 4981.0,
            "min": 3762.0,
            "max": 5057.0,
            "count": 9
        },
        "PoliceAgent.Environment.CumulativeReward.mean": {
            "value": 57.41277885320978,
            "min": 30.79921178769131,
            "max": 60.4423109812662,
            "count": 9
        },
        "PoliceAgent.Environment.CumulativeReward.sum": {
            "value": 3502.1795100457966,
            "min": 1401.4463649392128,
            "max": 3626.538658875972,
            "count": 9
        },
        "PoliceAgent.Policy.ExtrinsicReward.mean": {
            "value": 57.41277885320978,
            "min": 30.79921178769131,
            "max": 60.4423109812662,
            "count": 9
        },
        "PoliceAgent.Policy.ExtrinsicReward.sum": {
            "value": 3502.1795100457966,
            "min": 1401.4463649392128,
            "max": 3626.538658875972,
            "count": 9
        },
        "PoliceAgent.IsTraining.mean": {
            "value": 1.0,
            "min": 1.0,
            "max": 1.0,
            "count": 9
        },
        "PoliceAgent.IsTraining.sum": {
            "value": 1.0,
            "min": 1.0,
            "max": 1.0,
            "count": 9
        },
        "PoliceAgent.Losses.PolicyLoss.mean": {
            "value": 0.04274460435068856,
            "min": 0.04274460435068856,
            "max": 0.05385429124968747,
            "count": 8
        },
        "PoliceAgent.Losses.PolicyLoss.sum": {
            "value": 0.04274460435068856,
            "min": 0.04274460435068856,
            "max": 0.05385429124968747,
            "count": 8
        },
        "PoliceAgent.Losses.ValueLoss.mean": {
            "value": 29.730196619033812,
            "min": 29.730196619033812,
            "max": 89.45303084055583,
            "count": 8
        },
        "PoliceAgent.Losses.ValueLoss.sum": {
            "value": 29.730196619033812,
            "min": 29.730196619033812,
            "max": 89.45303084055583,
            "count": 8
        },
        "PoliceAgent.Policy.LearningRate.mean": {
            "value": 0.0004284138714600858,
            "min": 0.0004284138714600858,
            "max": 0.0004309847280887714,
            "count": 8
        },
        "PoliceAgent.Policy.LearningRate.sum": {
            "value": 0.0004284138714600858,
            "min": 0.0004284138714600858,
            "max": 0.0004309847280887714,
            "count": 8
        },
        "PoliceAgent.Policy.Epsilon.mean": {
            "value": 0.3142069285714287,
            "min": 0.3142069285714287,
            "max": 0.3154923571428572,
            "count": 8
        },
        "PoliceAgent.Policy.Epsilon.sum": {
            "value": 0.3142069285714287,
            "min": 0.3142069285714287,
            "max": 0.3154923571428572,
            "count": 8
        },
        "PoliceAgent.Policy.Beta.mean": {
            "value": 0.000858259437142857,
            "min": 0.000858259437142857,
            "max": 0.0008633497342857143,
            "count": 8
        },
        "PoliceAgent.Policy.Beta.sum": {
            "value": 0.000858259437142857,
            "min": 0.000858259437142857,
            "max": 0.0008633497342857143,
            "count": 8
        }
    },
    "metadata": {
        "timer_format_version": "0.1.0",
        "start_time_seconds": "1764006138",
        "python_version": "3.10.9 (tags/v3.10.9:1dd9be6, Dec  6 2022, 20:01:21) [MSC v.1934 64 bit (AMD64)]",
        "command_line_arguments": "C:\\Users\\asier.larrazabal\\Desktop\\police-thief-rl\\.venv_ml\\Scripts\\mlagents-learn training/configs/car_agent.yaml --run-id=run5 --resume --no-graphics --env .\\build\\My project.exe",
        "mlagents_version": "1.1.0",
        "mlagents_envs_version": "1.1.0",
        "communication_protocol_version": "1.5.0",
        "pytorch_version": "1.13.1+cpu",
        "numpy_version": "1.23.5",
        "end_time_seconds": "1764006401"
    },
    "total": 262.5588897999987,
    "count": 1,
    "self": 4.337044799998694,
    "children": {
        "run_training.setup": {
            "total": 0.1304407000006904,
            "count": 1,
            "self": 0.1304407000006904
        },
        "TrainerController.start_learning": {
            "total": 258.09140429999934,
            "count": 1,
            "self": 0.9848791002841608,
            "children": {
                "TrainerController._reset_env": {
                    "total": 4.217335500001354,
                    "count": 1,
                    "self": 4.217335500001354
                },
                "TrainerController.advance": {
                    "total": 252.79422849971343,
                    "count": 44890,
                    "self": 0.8952068000380677,
                    "children": {
                        "env_step": {
                            "total": 232.54166959980466,
                            "count": 44890,
                            "self": 161.3177988996431,
                            "children": {
                                "SubprocessEnvManager._take_step": {
                                    "total": 70.61722190002001,
                                    "count": 44890,
                                    "self": 2.276820200149814,
                                    "children": {
                                        "TorchPolicy.evaluate": {
                                            "total": 68.3404016998702,
                                            "count": 44473,
                                            "self": 68.3404016998702
                                        }
                                    }
                                },
                                "workers": {
                                    "total": 0.6066488001415564,
                                    "count": 44889,
                                    "self": 0.0,
                                    "children": {
                                        "worker_root": {
                                            "total": 252.68502690011337,
                                            "count": 44889,
                                            "is_parallel": true,
                                            "self": 133.87291940000432,
                                            "children": {
                                                "steps_from_proto": {
                                                    "total": 0.0004201000010652933,