{
    "name": "root",
    "gauges": {
        "PoliceAgent.Policy.Entropy.mean": {
            "value": 0.22997190058231354,
            "min": 0.17837966978549957,
            "max": 0.3642261028289795,
            "count": 83
        },
        "PoliceAgent.Policy.Entropy.sum": {
            "value": 1153.76904296875,
            "min": 745.3079833984375,
            "max": 1822.58740234375,
            "count": 83
        },
        "PoliceAgent.Step.mean": {
            "value": 2019990.0,
            "min": 1609983.0,
            "max": 2019990.0,
            "count": 83
        },
        "PoliceAgent.Step.sum": {
            "value": 2019990.0,
            "min": 1609983.0,
            "max": 2019990.0,
            "count": 83
        },
        "PoliceAgent.Policy.ExtrinsicValueEstimate.mean": {
            "value": 4.641810417175293,
            "min": -0.11357823759317398,
            "max": 37.74840545654297,
            "count": 83
        },
        "PoliceAgent.Policy.ExtrinsicValueEstimate.sum": {
            "value": 849.4512939453125,
            "min": -20.21692657470703,
            "max": 6719.21630859375,
            "count": 83
        },
        "PoliceAgent.Environment.EpisodeLength.mean": {
            "value": 80.43548387096774,
            "min": 75.78461538461538,
            "max": 88.35714285714286,
            "count": 83
        },
        "PoliceAgent.Environment.EpisodeLength.sum": {
            "value": 4987.0,
            "min": 2579.0,
            "max": 4999.0,
            "count": 83
        },
        "PoliceAgent.Environment.CumulativeReward.mean": {
            "value": 17.768758818747536,
            "min": -6.839049427521726,
            "max": 36.021011590377476,
            "count": 83
        },
        "PoliceAgent.Environment.CumulativeReward.sum": {
            "value": 1101.6630467623472,
            "min": -410.34296565130353,
            "max": 2197.281707013026,
            "count": 83
        },
        "PoliceAgent.Policy.ExtrinsicReward.mean": {
            "value": 17.768758818747536,
            "min": -6.839049427521726,
            "max": 36.021011590377476,
            "count": 83
        },
        "PoliceAgent.Policy.ExtrinsicReward.sum": {
            "value": 1101.6630467623472,
            "min": -410.34296565130353,
            "max": 2197.281707013026,
            "count": 83
        },
        "PoliceAgent.IsTraining.mean": {
            "value": 1.0,
            "min": 1.0,
            "max": 1.0,
            "count": 83
        },
        "PoliceAgent.IsTraining.sum": {
            "value": 1.0,
            "min": 1.0,
            "max": 1.0,
            "count": 83
        },
        "PoliceAgent.Losses.PolicyLoss.mean": {
            "value": 0.048238307850745815,
            "min": 0.037567835533991456,
            "max": 0.058592619646030165,
            "count": 80
        },
        "PoliceAgent.Losses.PolicyLoss.sum": {
            "value": 0.048238307850745815,
            "min": 0.037567835533991456,
            "max": 0.058592619646030165,
            "count": 80
        },
        "PoliceAgent.Losses.ValueLoss.mean": {
            "value": 19.53575890858968,
            "min": 9.834464764595031,
            "max": 833.2599792480469,
            "count": 80
        },
        "PoliceAgent.Losses.ValueLoss.sum": {
            "value": 19.53575890858968,
            "min": 9.834464764595031,
            "max": 833.2599792480469,
            "count": 80
        },
        "PoliceAgent.Policy.LearningRate.mean": {
            "value": 0.00035584767168761434,
            "min": 0.00035584767168761434,
            "max": 0.0003848206658930143,
            "count": 80
        },
        "PoliceAgent.Policy.LearningRate.sum": {
            "value": 0.00035584767168761434,
            "min": 0.00035584767168761434,
            "max": 0.0003848206658930143,
            "count": 80
        },
        "PoliceAgent.Policy.Epsilon.mean": {
            "value": 0.2779238214285714,
            "min": 0.2779238214285714,
            "max": 0.2924103214285715,
            "count": 80
        },
        "PoliceAgent.Policy.Epsilon.sum": {
            "value": 0.2779238214285714,
            "min": 0.2779238214285714,
            "max": 0.2924103214285715,
            "count": 80
        },
        "PoliceAgent.Policy.Beta.mean": {
            "value": 0.000714578332857143,
            "min": 0.000714578332857143,
            "max": 0.0007719448728571429,
            "count": 80
        },
        "PoliceAgent.Policy.Beta.sum": {
            "value": 0.000714578332857143,
            "min": 0.000714578332857143,
            "max": 0.0007719448728571429,
            "count": 80
        }
    },
    "metadata": {
        "timer_format_version": "0.1.0",
        "start_time_seconds": "1764084387",
        "python_version": "3.10.9 (tags/v3.10.9:1dd9be6, Dec  6 2022, 20:01:21) [MSC v.1934 64 bit (AMD64)]",
        "command_line_arguments": "C:\\Users\\asier.larrazabal\\Desktop\\police-thief-rl\\.venv_ml\\Scripts\\mlagents-learn training/configs/car_agent.yaml --run-id=run5 --resume --no-graphics --env .\\build\\My project.exe",
        "mlagents_version": "1.1.0",
        "mlagents_envs_version": "1.1.0",
        "communication_protocol_version": "1.5.0",
        "pytorch_version": "1.13.1+cpu",
        "numpy_version": "1.23.5",
        "end_time_seconds": "1764086077"
    },
    "total": 1690.8223498000007,
    "count": 1,
    "self": 0.21139919999950507,
    "children": {
        "run_training.setup": {
            "total": 0.10215880000032485,
            "count": 1,
            "self": 0.10215880000032485
        },
        "TrainerController.start_learning": {
            "total": 1690.5087918000008,
            "count": 1,
            "self": 5.298371200355177,
            "children": {
                "TrainerController._reset_env": {
                    "total": 3.7540140000000974,
                    "count": 1,
                    "self": 3.7540140000000974
                },
                "TrainerController.advance": {
                    "total": 1681.389360199646,
                    "count": 418456,
                    "self": 5.160530399809431,
                    "children": {
                        "env_step": {
                            "total": 1556.4651868002138,
                            "count": 418456,
                            "self": 1152.8680251998849,
                            "children": {
                                "SubprocessEnvManager._take_step": {
                                    "total": 400.10028800008786,
                                    "count": 418456,
                                    "self": 13.411880100033159,
                                    "children": {
                                        "TorchPolicy.evaluate": {
                                            "total": 386.6884079000547,
                                            "count": 414350,
                                            "self": 386.6884079000547
                                        }
                                    }
                                },
                                "workers": {
                                    "total": 3.496873600241088,
                                    "count": 418455,
                                    "self": 0.0,
                                    "children": {
                                        "worker_root": {
                                            "total": 1679.0178606001737,
                                            "count": 418455,
                                            "is_parallel": true,
                                            "self": 785.5108184002465,
                                            "children": {
                                                "steps_from_proto": {
                                                    "total": 0.0003164999998261919,