{
    "name": "root",
    "gauges": {
        "PoliceAgent.Policy.Entropy.mean": {
            "value": 1.4288533926010132,
            "min": 1.416807770729065,
            "max": 1.4288533926010132,
            "count": 6
        },
        "PoliceAgent.Policy.Entropy.sum": {
            "value": 7132.8359375,
            "min": 7072.70458984375,
            "max": 7170.66796875,
            "count": 6
        },
        "PoliceAgent.Step.mean": {
            "value": 29984.0,
            "min": 4992.0,
            "max": 29984.0,
            "count": 6
        },
        "PoliceAgent.Step.sum": {
            "value": 29984.0,
            "min": 4992.0,
            "max": 29984.0,
            "count": 6
        },
        "PoliceAgent.Policy.ExtrinsicValueEstimate.mean": {
            "value": 0.3376096189022064,
            "min": -0.051816727966070175,
            "max": 0.7141894102096558,
            "count": 6
        },
        "PoliceAgent.Policy.ExtrinsicValueEstimate.sum": {
            "value": 52.6671028137207,
            "min": -8.083409309387207,
            "max": 112.12773895263672,
            "count": 6
        },
        "PoliceAgent.IsTraining.mean": {
            "value": 1.0,
            "min": 1.0,
            "max": 1.0,
            "count": 6
        },
        "PoliceAgent.IsTraining.sum": {
            "value": 1.0,
            "min": 1.0,
            "max": 1.0,
            "count": 6
        },
        "RunnerAgent.Policy.Entropy.mean": {
            "value": 1.4047504663467407,
            "min": 1.4047504663467407,
            "max": 1.4189385175704956,
            "count": 6
        },
        "RunnerAgent.Policy.Entropy.sum": {
            "value": 7012.51416015625,
            "min": 7012.51416015625,
            "max": 7128.7470703125,
            "count": 6
        },
        "RunnerAgent.Step.mean": {
            "value": 29984.0,
            "min": 4992.0,
            "max": 29984.0,
            "count": 6
        },
        "RunnerAgent.Step.sum": {
            "value": 29984.0,
            "min": 4992.0,
            "max": 29984.0,
            "count": 6
        },
        "RunnerAgent.Policy.ExtrinsicValueEstimate.mean": {
            "value": 6.825291633605957,
            "min": 0.009136500768363476,
            "max": 6.825291633605957,
            "count": 6
        },
        "RunnerAgent.Policy.ExtrinsicValueEstimate.sum": {
            "value": 1064.7454833984375,
            "min": 1.4252941608428955,
            "max": 1064.7454833984375,
            "count": 6
        },
        "RunnerAgent.IsTraining.mean": {
            "value": 1.0,
            "min": 1.0,
            "max": 1.0,
            "count": 6
        },
        "RunnerAgent.IsTraining.sum": {
            "value": 1.0,
            "min": 1.0,
            "max": 1.0,
            "count": 6
        },
        "PoliceAgent.Losses.PolicyLoss.mean": {
            "value": 0.02994638412880401,
            "min": 0.025051453926910956,
            "max": 0.039570148661732675,
            "count": 5
        },
        "PoliceAgent.Losses.PolicyLoss.sum": {
            "value": 0.02994638412880401,
            "min": 0.025051453926910956,
            "max": 0.039570148661732675,
            "count": 5
        },
        "PoliceAgent.Losses.ValueLoss.mean": {
            "value": 0.032374583557248114,
            "min": 0.032374583557248114,
            "max": 145.57025451660155,
            "count": 5
        },
        "PoliceAgent.Losses.ValueLoss.sum": {
            "value": 0.032374583557248114,
            "min": 0.032374583557248114,
            "max": 145.57025451660155,
            "count": 5
        },
        "PoliceAgent.Policy.LearningRate.mean": {
            "value": 0.0004742400051519999,
            "min": 0.0004742400051519999,
            "max": 0.0004948480010304001,
            "count": 5
        },
        "PoliceAgent.Policy.LearningRate.sum": {
            "value": 0.0004742400051519999,
            "min": 0.0004742400051519999,
            "max": 0.0004948480010304001,
            "count": 5
        },
        "PoliceAgent.Policy.Epsilon.mean": {
            "value": 0.19484800000000008,
            "min": 0.19484800000000008,
            "max": 0.19896959999999997,
            "count": 5
        },
        "PoliceAgent.Policy.Epsilon.sum": {
            "value": 0.19484800000000008,
            "min": 0.19484800000000008,
            "max": 0.19896959999999997,
            "count": 5
        },
        "PoliceAgent.Policy.Beta.mean": {
            "value": 0.0009489952000000001,
            "min": 0.0009489952000000001,
            "max": 0.0009897990399999998,
            "count": 5
        },
        "PoliceAgent.Policy.Beta.sum": {
            "value": 0.0009489952000000001,
            "min": 0.0009489952000000001,
            "max": 0.0009897990399999998,
            "count": 5
        },
        "RunnerAgent.Losses.PolicyLoss.mean": {
            "value": 0.038818018060798445,
            "min": 0.027165223743456104,
            "max": 0.038818018060798445,
            "count": 5
        },
        "RunnerAgent.Losses.PolicyLoss.sum": {
            "value": 0.038818018060798445,
            "min": 0.027165223743456104,
            "max": 0.038818018060798445,
            "count": 5
        },
        "RunnerAgent.Losses.ValueLoss.mean": {
            "value": 1201.8431376139322,
            "min": 1030.0226949055989,
            "max": 1473.5947143554688,
            "count": 5
        },
        "RunnerAgent.Losses.ValueLoss.sum": {
            "value": 1201.8431376139322,
            "min": 1030.0226949055989,
            "max": 1473.5947143554688,
            "count": 5
        },
        "RunnerAgent.Policy.LearningRate.mean": {
            "value": 0.0004742400051519999,
            "min": 0.0004742400051519999,
            "max": 0.0004948480010304001,
            "count": 5
        },
        "RunnerAgent.Policy.LearningRate.sum": {
            "value": 0.0004742400051519999,
            "min": 0.0004742400051519999,
            "max": 0.0004948480010304001,
            "count": 5
        },
        "RunnerAgent.Policy.Epsilon.mean": {
            "value": 0.19484800000000008,
            "min": 0.19484800000000008,
            "max": 0.19896959999999997,
            "count": 5
        },
        "RunnerAgent.Policy.Epsilon.sum": {
            "value": 0.19484800000000008,
            "min": 0.19484800000000008,
            "max": 0.19896959999999997,
            "count": 5
        },
        "RunnerAgent.Policy.Beta.mean": {
            "value": 0.0009489952000000001,
            "min": 0.0009489952000000001,
            "max": 0.0009897990399999998,
            "count": 5
        },
        "RunnerAgent.Policy.Beta.sum": {
            "value": 0.0009489952000000001,
            "min": 0.0009489952000000001,
            "max": 0.0009897990399999998,
            "count": 5
        }
    },
    "metadata": {
        "timer_format_version": "0.1.0",
        "start_time_seconds": "1762787305",
        "python_version": "3.10.9 (tags/v3.10.9:1dd9be6, Dec  6 2022, 20:01:21) [MSC v.1934 64 bit (AMD64)]",
        "command_line_arguments": "C:\\Users\\asier.larrazabal\\Desktop\\police-thief-rl\\.venv\\Scripts\\mlagents-learn training\\configs\\car_agent.yaml --run-id=run201 --train",
        "mlagents_version": "1.1.0",
        "mlagents_envs_version": "1.1.0",
        "communication_protocol_version": "1.5.0",
        "pytorch_version": "2.9.0+cpu",
        "numpy_version": "1.23.5",
        "end_time_seconds": "1762787628"
    },
    "total": 322.714899,
    "count": 1,
    "self": 0.008425599999952738,
    "children": {
        "run_training.setup": {
            "total": 0.09702400000003308,
            "count": 1,
            "self": 0.09702400000003308
        },
        "TrainerController.start_learning": {
            "total": 322.6094494,
            "count": 1,
            "self": 0.5377671000001101,