{
    "name": "root",
    "gauges": {
        "RunnerAgent.Policy.Entropy.mean": {
            "value": 1.4284908771514893,
            "min": 1.4189385175704956,
            "max": 1.4284908771514893,
            "count": 6
        },
        "RunnerAgent.Policy.Entropy.sum": {
            "value": 7138.1689453125,
            "min": 7120.2333984375,
            "max": 7170.40576171875,
            "count": 6
        },
        "RunnerAgent.Step.mean": {
            "value": 29979.0,
            "min": 4986.0,
            "max": 29979.0,
            "count": 6
        },
        "RunnerAgent.Step.sum": {
            "value": 29979.0,
            "min": 4986.0,
            "max": 29979.0,
            "count": 6
        },
        "RunnerAgent.Policy.ExtrinsicValueEstimate.mean": {
            "value": 11.615155220031738,
            "min": -0.07985006272792816,
            "max": 18.18735694885254,
            "count": 6
        },
        "RunnerAgent.Policy.ExtrinsicValueEstimate.sum": {
            "value": 1811.9642333984375,
            "min": -12.536459922790527,
            "max": 2837.2275390625,
            "count": 6
        },
        "RunnerAgent.Environment.EpisodeLength.mean": {
            "value": 4544.0,
            "min": 295.6666666666667,
            "max": 4544.0,
            "count": 2
        },
        "RunnerAgent.Environment.EpisodeLength.sum": {
            "value": 4544.0,
            "min": 887.0,
            "max": 4544.0,
            "count": 2
        },
        "RunnerAgent.Environment.CumulativeReward.mean": {
            "value": 985.5803483724594,
            "min": 48.180270632108055,
            "max": 985.5803483724594,
            "count": 2
        },
        "RunnerAgent.Environment.CumulativeReward.sum": {
            "value": 985.5803483724594,
            "min": 144.54081189632416,
            "max": 985.5803483724594,
            "count": 2
        },
        "RunnerAgent.Policy.ExtrinsicReward.mean": {
            "value": 985.5803483724594,
            "min": 48.180270632108055,
            "max": 985.5803483724594,
            "count": 2
        },
        "RunnerAgent.Policy.ExtrinsicReward.sum": {
            "value": 985.5803483724594,
            "min": 144.54081189632416,
            "max": 985.5803483724594,
            "count": 2
        },
        "RunnerAgent.IsTraining.mean": {
            "value": 1.0,
            "min": 1.0,
            "max": 1.0,
            "count": 6
        },
        "RunnerAgent.IsTraining.sum": {
            "value": 1.0,
            "min": 1.0,
            "max": 1.0,
            "count": 6
        },
        "PoliceAgent.Policy.Entropy.mean": {
            "value": 1.4137614965438843,
            "min": 1.4137614965438843,
            "max": 1.4189385175704956,
            "count": 6
        },
        "PoliceAgent.Policy.Entropy.sum": {
            "value": 7064.56640625,
            "min": 7064.56640625,
            "max": 7127.2275390625,
            "count": 6
        },
        "PoliceAgent.Step.mean": {
            "value": 29979.0,
            "min": 4986.0,
            "max": 29979.0,
            "count": 6
        },
        "PoliceAgent.Step.sum": {
            "value": 29979.0,
            "min": 4986.0,
            "max": 29979.0,
            "count": 6
        },
        "PoliceAgent.Policy.ExtrinsicValueEstimate.mean": {
            "value": -4.998942852020264,
            "min": -4.998942852020264,
            "max": -0.16672545671463013,
            "count": 6
        },
        "PoliceAgent.Policy.ExtrinsicValueEstimate.sum": {
            "value": -779.8350830078125,
            "min": -779.8350830078125,
            "max": -26.1758975982666,
            "count": 6
        },
        "PoliceAgent.Environment.EpisodeLength.mean": {
            "value": 4544.0,
            "min": 295.6666666666667,
            "max": 4544.0,
            "count": 2
        },
        "PoliceAgent.Environment.EpisodeLength.sum": {
            "value": 4544.0,
            "min": 887.0,
            "max": 4544.0,
            "count": 2
        },
        "PoliceAgent.Environment.CumulativeReward.mean": {
            "value": -531.1083555519581,
            "min": -531.1083555519581,
            "max": -18.614921998543043,
            "count": 2
        },
        "PoliceAgent.Environment.CumulativeReward.sum": {
            "value": -531.1083555519581,
            "min": -531.1083555519581,
            "max": -55.84476599562913,
            "count": 2
        },
        "PoliceAgent.Policy.ExtrinsicReward.mean": {
            "value": -531.1083555519581,
            "min": -531.1083555519581,
            "max": -18.614921998543043,
            "count": 2
        },
        "PoliceAgent.Policy.ExtrinsicReward.sum": {
            "value": -531.1083555519581,
            "min": -531.1083555519581,
            "max": -55.84476599562913,
            "count": 2
        },
        "PoliceAgent.IsTraining.mean": {
            "value": 1.0,
            "min": 1.0,
            "max": 1.0,
            "count": 6
        },
        "PoliceAgent.IsTraining.sum": {
            "value": 1.0,
            "min": 1.0,
            "max": 1.0,
            "count": 6
        },
        "RunnerAgent.Losses.PolicyLoss.mean": {
            "value": 0.02512218908717235,
            "min": 0.02512218908717235,
            "max": 0.039609872332463665,
            "count": 5
        },
        "RunnerAgent.Losses.PolicyLoss.sum": {
            "value": 0.02512218908717235,
            "min": 0.02512218908717235,
            "max": 0.039609872332463665,
            "count": 5
        },
        "RunnerAgent.Losses.ValueLoss.mean": {
            "value": 28.368511327107747,
            "min": 2.491358431180318,
            "max": 31.705172061920166,
            "count": 5
        },
        "RunnerAgent.Losses.ValueLoss.sum": {
            "value": 28.368511327107747,
            "min": 2.491358431180318,
            "max": 31.705172061920166,
            "count": 5
        },
        "RunnerAgent.Policy.LearningRate.mean": {
            "value": 0.0004871385025722998,
            "min": 0.0004871385025722998,
            "max": 0.0004974270005146001,
            "count": 5
        },
        "RunnerAgent.Policy.LearningRate.sum": {
            "value": 0.0004871385025722998,
            "min": 0.0004871385025722998,
            "max": 0.0004974270005146001,
            "count": 5
        },
        "RunnerAgent.Policy.Epsilon.mean": {
            "value": 0.1974277000000001,
            "min": 0.1974277000000001,
            "max": 0.19948540000000006,
            "count": 5
        },
        "RunnerAgent.Policy.Epsilon.sum": {
            "value": 0.1974277000000001,
            "min": 0.1974277000000001,
            "max": 0.19948540000000006,
            "count": 5
        },
        "RunnerAgent.Policy.Beta.mean": {
            "value": 0.0009745342300000002,
            "min": 0.0009745342300000002,
            "max": 0.0009949054600000003,
            "count": 5
        },
        "RunnerAgent.Policy.Beta.sum": {
            "value": 0.0009745342300000002,
            "min": 0.0009745342300000002,
            "max": 0.0009949054600000003,
            "count": 5
        },
        "PoliceAgent.Losses.PolicyLoss.mean": {
            "value": 0.03643752251130839,
            "min": 0.029663162880266707,
            "max": 0.03643752251130839,
            "count": 5
        },
        "PoliceAgent.Losses.PolicyLoss.sum": {
            "value": 0.03643752251130839,
            "min": 0.029663162880266707,
            "max": 0.03643752251130839,
            "count": 5
        },
        "PoliceAgent.Losses.ValueLoss.mean": {
            "value": 14.688838036855062,
            "min": 1.0624239941438038,
            "max": 38.042956034342446,
            "count": 5
        },
        "PoliceAgent.Losses.ValueLoss.sum": {
            "value": 14.688838036855062,