{
    "name": "root",
    "gauges": {
        "RunnerAgent.Policy.Entropy.mean": {
            "value": 1.710835576057434,
            "min": 1.5863150358200073,
            "max": 1.867477536201477,
            "count": 14
        },
        "RunnerAgent.Policy.Entropy.sum": {
            "value": 8607.2138671875,
            "min": 7903.021484375,
            "max": 9294.435546875,
            "count": 14
        },
        "RunnerAgent.Environment.EpisodeLength.mean": {
            "value": 1594.8333333333333,
            "min": 55.5,
            "max": 6191.666666666667,
            "count": 11
        },
        "RunnerAgent.Environment.EpisodeLength.sum": {
            "value": 9569.0,
            "min": 111.0,
            "max": 18575.0,
            "count": 11
        },
        "RunnerAgent.Step.mean": {
            "value": 554970.0,
            "min": 489979.0,
            "max": 554970.0,
            "count": 14
        },
        "RunnerAgent.Step.sum": {
            "value": 554970.0,
            "min": 489979.0,
            "max": 554970.0,
            "count": 14
        },
        "RunnerAgent.Policy.ExtrinsicValueEstimate.mean": {
            "value": 6.837179183959961,
            "min": 6.474048137664795,
            "max": 37.02147674560547,
            "count": 14
        },
        "RunnerAgent.Policy.ExtrinsicValueEstimate.sum": {
            "value": 553.8115234375,
            "min": 504.97576904296875,
            "max": 2850.653564453125,
            "count": 14
        },
        "RunnerAgent.Environment.CumulativeReward.mean": {
            "value": 38.64262624581655,
            "min": 9.516023308038712,
            "max": 121.31389617919922,
            "count": 11
        },
        "RunnerAgent.Environment.CumulativeReward.sum": {
            "value": 231.8557574748993,
            "min": 40.129366397857666,
            "max": 392.87966537475586,
            "count": 11
        },
        "RunnerAgent.Policy.ExtrinsicReward.mean": {
            "value": 38.64262624581655,
            "min": 9.516023308038712,
            "max": 121.31389617919922,
            "count": 11
        },
        "RunnerAgent.Policy.ExtrinsicReward.sum": {
            "value": 231.8557574748993,
            "min": 40.129366397857666,
            "max": 392.87966537475586,
            "count": 11
        },
        "RunnerAgent.IsTraining.mean": {
            "value": 1.0,
            "min": 1.0,
            "max": 1.0,
            "count": 14
        },
        "RunnerAgent.IsTraining.sum": {
            "value": 1.0,
            "min": 1.0,
            "max": 1.0,
            "count": 14
        },
        "RunnerAgent.Losses.PolicyLoss.mean": {
            "value": 0.03629860752262175,
            "min": 0.0258532775255541,
            "max": 0.037073796273519595,
            "count": 13
        },
        "RunnerAgent.Losses.PolicyLoss.sum": {
            "value": 0.03629860752262175,
            "min": 0.0258532775255541,
            "max": 0.037073796273519595,
            "count": 13
        },
        "RunnerAgent.Losses.ValueLoss.mean": {
            "value": 18.068505064646402,
            "min": 5.468618083000183,
            "max": 78.79315045674642,
            "count": 13
        },
        "RunnerAgent.Losses.ValueLoss.sum": {
            "value": 18.068505064646402,
            "min": 5.468618083000183,
            "max": 78.79315045674642,
            "count": 13
        },
        "RunnerAgent.Policy.LearningRate.mean": {
            "value": 0.0002239240552152,
            "min": 0.0002239240552152,
            "max": 0.0002548825490235,
            "count": 13
        },
        "RunnerAgent.Policy.LearningRate.sum": {
            "value": 0.0002239240552152,
            "min": 0.0002239240552152,
            "max": 0.0002548825490235,
            "count": 13
        },
        "RunnerAgent.Policy.Epsilon.mean": {
            "value": 0.14478480000000002,
            "min": 0.14478480000000002,
            "max": 0.15097649999999999,
            "count": 13
        },
        "RunnerAgent.Policy.Epsilon.sum": {
            "value": 0.14478480000000002,
            "min": 0.14478480000000002,
            "max": 0.15097649999999999,
            "count": 13
        },
        "RunnerAgent.Policy.Beta.mean": {
            "value": 0.00045336952000000005,
            "min": 0.00045336952000000005,
            "max": 0.0005146673499999999,
            "count": 13
        },
        "RunnerAgent.Policy.Beta.sum": {
            "value": 0.00045336952000000005,
            "min": 0.00045336952000000005,
            "max": 0.0005146673499999999,
            "count": 13
        }
    },
    "metadata": {
        "timer_format_version": "0.1.0",
        "start_time_seconds": "1763486031",
        "python_version": "3.10.9 (tags/v3.10.9:1dd9be6, Dec  6 2022, 20:01:21) [MSC v.1934 64 bit (AMD64)]",
        "command_line_arguments": "C:\\Users\\asier.larrazabal\\Desktop\\police-thief-rl\\.venv_ml\\Scripts\\mlagents-learn training\\configs\\car_agent.yaml --run-id=run1 --resume",
        "mlagents_version": "1.1.0",
        "mlagents_envs_version": "1.1.0",
        "communication_protocol_version": "1.5.0",
        "pytorch_version": "1.13.1+cpu",
        "numpy_version": "1.23.5",
        "end_time_seconds": "1763486843"
    },
    "total": 811.5725385999995,
    "count": 1,
    "self": 0.0065414999990025535,
    "children": {
        "run_training.setup": {
            "total": 0.10103600000002189,
            "count": 1,
            "self": 0.10103600000002189
        },
        "TrainerController.start_learning": {
            "total": 811.4649611000004,
            "count": 1,
            "self": 1.0808522000170342,
            "children": {
                "TrainerController._reset_env": {
                    "total": 9.333774299999277,
                    "count": 1,
                    "self": 9.333774299999277
                },
                "TrainerController.advance": {
                    "total": 800.9834135999845,
                    "count": 73160,
                    "self": 1.0784276002123079,
                    "children": {
                        "env_step": {
                            "total": 780.4308721001253,
                            "count": 73160,
                            "self": 700.804531299922,
                            "children": {
                                "SubprocessEnvManager._take_step": {
                                    "total": 78.90928359996178,
                                    "count": 73160,
                                    "self": 2.5993440000802366,
                                    "children": {
                                        "TorchPolicy.evaluate": {
                                            "total": 76.30993959988155,
                                            "count": 73101,
                                            "self": 76.30993959988155
                                        }
                                    }
                                },
                                "workers": {
                                    "total": 0.7170572002414701,
                                    "count": 73159,
                                    "self": 0.0,
                                    "children": {
                                        "worker_root": {
                                            "total": 796.1170327994532,
                                            "count": 73159,
                                            "is_parallel": true,
                                            "self": 153.4540443992828,
                                            "children": {
                                                "steps_from_proto": {
                                                    "total": 0.00037650000012945384,
                                                    "count": 1,