{
    "name": "root",
    "gauges": {
        "RunnerAgent.Policy.Entropy.mean": {
            "value": 1.6658411026000977,
            "min": 1.6658411026000977,
            "max": 1.94378662109375,
            "count": 13
        },
        "RunnerAgent.Policy.Entropy.sum": {
            "value": 8315.87890625,
            "min": 7813.037109375,
            "max": 9703.3828125,
            "count": 13
        },
        "RunnerAgent.Environment.EpisodeLength.mean": {
            "value": 5586.0,
            "min": 60.5,
            "max": 7337.666666666667,
            "count": 6
        },
        "RunnerAgent.Environment.EpisodeLength.sum": {
            "value": 5586.0,
            "min": 121.0,
            "max": 22013.0,
            "count": 6
        },
        "RunnerAgent.Step.mean": {
            "value": 1214976.0,
            "min": 1154963.0,
            "max": 1214976.0,
            "count": 13
        },
        "RunnerAgent.Step.sum": {
            "value": 1214976.0,
            "min": 1154963.0,
            "max": 1214976.0,
            "count": 13
        },
        "RunnerAgent.Policy.ExtrinsicValueEstimate.mean": {
            "value": -1.8116120100021362,
            "min": -6.781682014465332,
            "max": 6.742991924285889,
            "count": 13
        },
        "RunnerAgent.Policy.ExtrinsicValueEstimate.sum": {
            "value": -141.3057403564453,
            "min": -535.7528686523438,
            "max": 458.5234375,
            "count": 13
        },
        "RunnerAgent.Environment.CumulativeReward.mean": {
            "value": 0.6752634048461914,
            "min": -0.6948766708374023,
            "max": 1.0173096656799316,
            "count": 6
        },
        "RunnerAgent.Environment.CumulativeReward.sum": {
            "value": 0.6752634048461914,
            "min": -0.6948766708374023,
            "max": 2.0346193313598633,
            "count": 6
        },
        "RunnerAgent.Policy.ExtrinsicReward.mean": {
            "value": 0.6752634048461914,
            "min": -0.6948766708374023,
            "max": 1.0173096656799316,
            "count": 6
        },
        "RunnerAgent.Policy.ExtrinsicReward.sum": {
            "value": 0.6752634048461914,
            "min": -0.6948766708374023,
            "max": 2.0346193313598633,
            "count": 6
        },
        "RunnerAgent.IsTraining.mean": {
            "value": 1.0,
            "min": 1.0,
            "max": 1.0,
            "count": 13
        },
        "RunnerAgent.IsTraining.sum": {
            "value": 1.0,
            "min": 1.0,
            "max": 1.0,
            "count": 13
        },
        "RunnerAgent.Losses.PolicyLoss.mean": {
            "value": 0.024591197651655725,
            "min": 0.023550147951270143,
            "max": 0.036484694201499225,
            "count": 12
        },
        "RunnerAgent.Losses.PolicyLoss.sum": {
            "value": 0.024591197651655725,
            "min": 0.023550147951270143,
            "max": 0.036484694201499225,
            "count": 12
        },
        "RunnerAgent.Losses.ValueLoss.mean": {
            "value": 0.4366336892048518,
            "min": 0.4366336892048518,
            "max": 22.847449620564777,
            "count": 12
        },
        "RunnerAgent.Losses.ValueLoss.sum": {
            "value": 0.4366336892048518,
            "min": 0.4366336892048518,
            "max": 22.847449620564777,
            "count": 12
        },
        "RunnerAgent.Policy.LearningRate.mean": {
            "value": 0.00019681606063680002,
            "min": 0.00019681606063680002,
            "max": 0.00021103530779295,
            "count": 12
        },
        "RunnerAgent.Policy.LearningRate.sum": {
            "value": 0.00019681606063680002,
            "min": 0.00019681606063680002,
            "max": 0.00021103530779295,
            "count": 12
        },
        "RunnerAgent.Policy.Epsilon.mean": {
            "value": 0.13936320000000002,
            "min": 0.13936320000000002,
            "max": 0.14220705,
            "count": 12
        },
        "RunnerAgent.Policy.Epsilon.sum": {
            "value": 0.13936320000000002,
            "min": 0.13936320000000002,
            "max": 0.14220705,
            "count": 12
        },
        "RunnerAgent.Policy.Beta.mean": {
            "value": 0.00039969567999999987,
            "min": 0.00039969567999999987,
            "max": 0.0004278497950000002,
            "count": 12
        },
        "RunnerAgent.Policy.Beta.sum": {
            "value": 0.00039969567999999987,
            "min": 0.00039969567999999987,
            "max": 0.0004278497950000002,
            "count": 12
        }
    },
    "metadata": {
        "timer_format_version": "0.1.0",
        "start_time_seconds": "1763496517",
        "python_version": "3.10.9 (tags/v3.10.9:1dd9be6, Dec  6 2022, 20:01:21) [MSC v.1934 64 bit (AMD64)]",
        "command_line_arguments": "C:\\Users\\asier\\OneDrive\\Escritorio\\Uni\\Deusto\\4\\ReinforcmentLearning\\police-thief-rl\\.venv\\Scripts\\mlagents-learn training\\configs\\car_agent.yaml --run-id=run1 --resume",
        "mlagents_version": "1.1.0",
        "mlagents_envs_version": "1.1.0",
        "communication_protocol_version": "1.5.0",
        "pytorch_version": "1.13.1+cpu",
        "numpy_version": "1.23.5",
        "end_time_seconds": "1763497121"
    },
    "total": 603.5944589999999,
    "count": 1,
    "self": 0.005939099995885044,
    "children": {
        "run_training.setup": {
            "total": 0.12369649999891408,
            "count": 1,
            "self": 0.12369649999891408
        },
        "TrainerController.start_learning": {
            "total": 603.4648234000051,
            "count": 1,
            "self": 0.7827397988148732,
            "children": {
                "TrainerController._reset_env": {
                    "total": 9.941357000003336,
                    "count": 1,
                    "self": 9.941357000003336
                },
                "TrainerController.advance": {
                    "total": 592.6605668011907,
                    "count": 65067,
                    "self": 0.6755982002214296,
                    "children": {
                        "env_step": {
                            "total": 575.7330154001538,
                            "count": 65067,
                            "self": 520.8413947973313,
                            "children": {
                                "SubprocessEnvManager._take_step": {
                                    "total": 54.377790902450215,
                                    "count": 65067,
                                    "self": 1.8719829033216229,
                                    "children": {
                                        "TorchPolicy.evaluate": {
                                            "total": 52.50580799912859,
                                            "count": 65057,
                                            "self": 52.50580799912859
                                        }
                                    }
                                },
                                "workers": {
                                    "total": 0.5138297003722982,
                                    "count": 65066,
                                    "self": 0.0,
                                    "children": {
                                        "worker_root": {
                                            "total": 583.6425234987692,
                                            "count": 65066,
                                            "is_parallel": true,
                                            "self": 113.42900599840505,
                                            "children": {
                                                "steps_from_proto": {
                                                    "total": 0.000524200004292652,
                                                    "count": 1,