{
    "name": "root",
    "gauges": {
        "RunnerAgent.Policy.Entropy.mean": {
            "value": 0.9894018769264221,
            "min": 0.732402503490448,
            "max": 1.8415590524673462,
            "count": 152
        },
        "RunnerAgent.Policy.Entropy.sum": {
            "value": 4939.09423828125,
            "min": 307.2286376953125,
            "max": 9193.0625,
            "count": 152
        },
        "RunnerAgent.Step.mean": {
            "value": 1999943.0,
            "min": 1244981.0,
            "max": 1999943.0,
            "count": 152
        },
        "RunnerAgent.Step.sum": {
            "value": 1999943.0,
            "min": 1244981.0,
            "max": 1999943.0,
            "count": 152
        },
        "RunnerAgent.Policy.ExtrinsicValueEstimate.mean": {
            "value": -0.0647171288728714,
            "min": -0.7122838497161865,
            "max": 54.5223388671875,
            "count": 152
        },
        "RunnerAgent.Policy.ExtrinsicValueEstimate.sum": {
            "value": -5.047935962677002,
            "min": -55.55813980102539,
            "max": 3550.440185546875,
            "count": 152
        },
        "RunnerAgent.Environment.EpisodeLength.mean": {
            "value": 81.0,
            "min": 81.0,
            "max": 83.5,
            "count": 2
        },
        "RunnerAgent.Environment.EpisodeLength.sum": {
            "value": 81.0,
            "min": 81.0,
            "max": 334.0,
            "count": 2
        },
        "RunnerAgent.Environment.CumulativeReward.mean": {
            "value": 10.806507110595703,
            "min": 10.806507110595703,
            "max": 115.03684079647064,
            "count": 2
        },
        "RunnerAgent.Environment.CumulativeReward.sum": {
            "value": 10.806507110595703,
            "min": 10.806507110595703,
            "max": 460.14736318588257,
            "count": 2
        },
        "RunnerAgent.Policy.ExtrinsicReward.mean": {
            "value": 10.806507110595703,
            "min": 10.806507110595703,
            "max": 115.03684079647064,
            "count": 2
        },
        "RunnerAgent.Policy.ExtrinsicReward.sum": {
            "value": 10.806507110595703,
            "min": 10.806507110595703,
            "max": 460.14736318588257,
            "count": 2
        },
        "RunnerAgent.IsTraining.mean": {
            "value": 1.0,
            "min": 1.0,
            "max": 1.0,
            "count": 152
        },
        "RunnerAgent.IsTraining.sum": {
            "value": 1.0,
            "min": 1.0,
            "max": 1.0,
            "count": 152
        },
        "RunnerAgent.Losses.PolicyLoss.mean": {
            "value": 0.031171841570176183,
            "min": 0.021446281749134263,
            "max": 0.04614535990792016,
            "count": 145
        },
        "RunnerAgent.Losses.PolicyLoss.sum": {
            "value": 0.031171841570176183,
            "min": 0.021446281749134263,
            "max": 0.04614535990792016,
            "count": 145
        },
        "RunnerAgent.Losses.ValueLoss.mean": {
            "value": 0.015449617741008599,
            "min": 0.013404616837700207,
            "max": 33.068247604370114,
            "count": 145
        },
        "RunnerAgent.Losses.ValueLoss.sum": {
            "value": 0.015449617741008599,
            "min": 0.013404616837700207,
            "max": 33.068247604370114,
            "count": 145
        },
        "RunnerAgent.Policy.LearningRate.mean": {
            "value": 9.263498147500172e-07,
            "min": 9.263498147500172e-07,
            "max": 0.00018755031248994988,
            "count": 145
        },
        "RunnerAgent.Policy.LearningRate.sum": {
            "value": 9.263498147500172e-07,
            "min": 9.263498147500172e-07,
            "max": 0.00018755031248994988,
            "count": 145
        },
        "RunnerAgent.Policy.Epsilon.mean": {
            "value": 0.10018525,
            "min": 0.10018525,
            "max": 0.13751005,
            "count": 145
        },
        "RunnerAgent.Policy.Epsilon.sum": {
            "value": 0.10018525,
            "min": 0.10018525,
            "max": 0.13751005,
            "count": 145
        },
        "RunnerAgent.Policy.Beta.mean": {
            "value": 1.1833975000000038e-05,
            "min": 1.1833975000000038e-05,
            "max": 0.0003813494950000001,
            "count": 145
        },
        "RunnerAgent.Policy.Beta.sum": {
            "value": 1.1833975000000038e-05,
            "min": 1.1833975000000038e-05,
            "max": 0.0003813494950000001,
            "count": 145
        }
    },
    "metadata": {
        "timer_format_version": "0.1.0",
        "start_time_seconds": "1763563731",
        "python_version": "3.10.9 (tags/v3.10.9:1dd9be6, Dec  6 2022, 20:01:21) [MSC v.1934 64 bit (AMD64)]",
        "command_line_arguments": "C:\\Users\\asier.larrazabal\\Desktop\\police-thief-rl\\.venv_ml\\Scripts\\mlagents-learn training/configs/car_agent.yaml --run-id=run1 --resume --no-graphics --env .\\build\\My project.exe",
        "mlagents_version": "1.1.0",
        "mlagents_envs_version": "1.1.0",
        "communication_protocol_version": "1.5.0",
        "pytorch_version": "1.13.1+cpu",
        "numpy_version": "1.23.5",
        "end_time_seconds": "1763566479"
    },
    "total": 2747.9285504,
    "count": 1,
    "self": 0.39157299999988027,
    "children": {
        "run_training.setup": {
            "total": 0.10084219999998822,
            "count": 1,
            "self": 0.10084219999998822
        },
        "TrainerController.start_learning": {
            "total": 2747.4361352,
            "count": 1,
            "self": 9.234327300314817,
            "children": {
                "TrainerController._reset_env": {
                    "total": 3.8367999000001873,
                    "count": 1,
                    "self": 3.8367999000001873
                },
                "TrainerController.advance": {
                    "total": 2734.3058846996846,
                    "count": 755369,
                    "self": 8.945103199887399,
                    "children": {
                        "env_step": {
                            "total": 2541.4703413002567,
                            "count": 755369,
                            "self": 1760.0242480003708,
                            "children": {
                                "SubprocessEnvManager._take_step": {
                                    "total": 775.4705540000191,
                                    "count": 755369,
                                    "self": 24.55424329979587,
                                    "children": {
                                        "TorchPolicy.evaluate": {
                                            "total": 750.9163107002232,
                                            "count": 755364,
                                            "self": 750.9163107002232
                                        }
                                    }
                                },
                                "workers": {
                                    "total": 5.975539299866796,
                                    "count": 755369,
                                    "self": 0.0,
                                    "children": {
                                        "worker_root": {
                                            "total": 2729.878575599889,
                                            "count": 755369,
                                            "is_parallel": true,
                                            "self": 1422.2147211996971,
                                            "children": {
                                                "steps_from_proto": {
                                                    "total": 0.0003467000001364795,
                                                    "count": 1,