{
    "name": "root",
    "gauges": {
        "PoliceAgent.Policy.Entropy.mean": {
            "value": 0.5277993083000183,
            "min": 0.40644317865371704,
            "max": 2.196042537689209,
            "count": 42
        },
        "PoliceAgent.Policy.Entropy.sum": {
            "value": 2643.746826171875,
            "min": 2039.1253662109375,
            "max": 10982.9091796875,
            "count": 42
        },
        "PoliceAgent.Step.mean": {
            "value": 209995.0,
            "min": 4968.0,
            "max": 209995.0,
            "count": 42
        },
        "PoliceAgent.Step.sum": {
            "value": 209995.0,
            "min": 4968.0,
            "max": 209995.0,
            "count": 42
        },
        "PoliceAgent.Policy.ExtrinsicValueEstimate.mean": {
            "value": 0.25085681676864624,
            "min": -4.754472255706787,
            "max": 0.9888023734092712,
            "count": 42
        },
        "PoliceAgent.Policy.ExtrinsicValueEstimate.sum": {
            "value": 62.965057373046875,
            "min": -874.8229370117188,
            "max": 257.088623046875,
            "count": 42
        },
        "PoliceAgent.Environment.EpisodeLength.mean": {
            "value": 27.162011173184357,
            "min": 18.320463320463322,
            "max": 103.6875,
            "count": 42
        },
        "PoliceAgent.Environment.EpisodeLength.sum": {
            "value": 4862.0,
            "min": 4712.0,
            "max": 4977.0,
            "count": 42
        },
        "PoliceAgent.Environment.CumulativeReward.mean": {
            "value": 0.9231240685631552,
            "min": -28.944832778225344,
            "max": 1.138022174034709,
            "count": 42
        },
        "PoliceAgent.Environment.CumulativeReward.sum": {
            "value": 164.31608420424163,
            "min": -1409.6030926704407,
            "max": 242.4820321816951,
            "count": 42
        },
        "PoliceAgent.Policy.ExtrinsicReward.mean": {
            "value": 0.9231240685631552,
            "min": -28.944832778225344,
            "max": 1.138022174034709,
            "count": 42
        },
        "PoliceAgent.Policy.ExtrinsicReward.sum": {
            "value": 164.31608420424163,
            "min": -1409.6030926704407,
            "max": 242.4820321816951,
            "count": 42
        },
        "PoliceAgent.IsTraining.mean": {
            "value": 1.0,
            "min": 1.0,
            "max": 1.0,
            "count": 42
        },
        "PoliceAgent.IsTraining.sum": {
            "value": 1.0,
            "min": 1.0,
            "max": 1.0,
            "count": 42
        },
        "PoliceAgent.Losses.PolicyLoss.mean": {
            "value": 0.039008752931840716,
            "min": 0.039008752931840716,
            "max": 0.0650553153672566,
            "count": 40
        },
        "PoliceAgent.Losses.PolicyLoss.sum": {
            "value": 0.039008752931840716,
            "min": 0.039008752931840716,
            "max": 0.0650553153672566,
            "count": 40
        },
        "PoliceAgent.Losses.ValueLoss.mean": {
            "value": 0.1876607349763314,
            "min": 0.026223661409070096,
            "max": 13.938692502180736,
            "count": 40
        },
        "PoliceAgent.Losses.ValueLoss.sum": {
            "value": 0.1876607349763314,
            "min": 0.026223661409070096,
            "max": 13.938692502180736,
            "count": 40
        },
        "PoliceAgent.Policy.LearningRate.mean": {
            "value": 0.00048533586007568557,
            "min": 0.00048533586007568557,
            "max": 0.0004996340715017572,
            "count": 40
        },
        "PoliceAgent.Policy.LearningRate.sum": {
            "value": 0.00048533586007568557,
            "min": 0.00048533586007568557,
            "max": 0.0004996340715017572,
            "count": 40
        },
        "PoliceAgent.Policy.Epsilon.mean": {
            "value": 0.34266792857142875,
            "min": 0.34266792857142875,
            "max": 0.3498170357142856,
            "count": 40
        },
        "PoliceAgent.Policy.Epsilon.sum": {
            "value": 0.34266792857142875,
            "min": 0.34266792857142875,
            "max": 0.3498170357142856,
            "count": 40
        },
        "PoliceAgent.Policy.Beta.mean": {
            "value": 0.0009709649971428574,
            "min": 0.0009709649971428574,
            "max": 0.0009992754614285713,
            "count": 40
        },
        "PoliceAgent.Policy.Beta.sum": {
            "value": 0.0009709649971428574,
            "min": 0.0009709649971428574,
            "max": 0.0009992754614285713,
            "count": 40
        }
    },
    "metadata": {
        "timer_format_version": "0.1.0",
        "start_time_seconds": "1764089700",
        "python_version": "3.10.9 (tags/v3.10.9:1dd9be6, Dec  6 2022, 20:01:21) [MSC v.1934 64 bit (AMD64)]",
        "command_line_arguments": "C:\\Users\\asier.larrazabal\\Desktop\\police-thief-rl\\.venv_ml\\Scripts\\mlagents-learn training/configs/car_agent.yaml --run-id=run6 --train --no-graphics --env .\\build\\My project.exe",
        "mlagents_version": "1.1.0",
        "mlagents_envs_version": "1.1.0",
        "communication_protocol_version": "1.5.0",
        "pytorch_version": "1.13.1+cpu",
        "numpy_version": "1.23.5",
        "end_time_seconds": "1764090588"
    },
    "total": 888.5220010000012,
    "count": 1,
    "self": 4.213972900002773,
    "children": {
        "run_training.setup": {
            "total": 0.10145229999943695,
            "count": 1,
            "self": 0.10145229999943695
        },
        "TrainerController.start_learning": {
            "total": 884.206575799999,
            "count": 1,
            "self": 2.945768899677205,
            "children": {
                "TrainerController._reset_env": {
                    "total": 3.717655399999785,
                    "count": 1,
                    "self": 3.717655399999785
                },
                "TrainerController.advance": {
                    "total": 877.4569723003206,
                    "count": 216919,
                    "self": 2.62012930052515,
                    "children": {
                        "env_step": {
                            "total": 811.8876169000414,
                            "count": 216919,
                            "self": 604.893015100035,
                            "children": {
                                "SubprocessEnvManager._take_step": {
                                    "total": 205.0909855999871,
                                    "count": 216919,
                                    "self": 6.994267299798594,
                                    "children": {
                                        "TorchPolicy.evaluate": {
                                            "total": 198.0967183001885,
                                            "count": 210605,
                                            "self": 198.0967183001885
                                        }
                                    }
                                },
                                "workers": {
                                    "total": 1.9036162000193144,
                                    "count": 216918,
                                    "self": 0.0,
                                    "children": {
                                        "worker_root": {
                                            "total": 876.4358853996946,
                                            "count": 216918,
                                            "is_parallel": true,
                                            "self": 406.80576639955143,
                                            "children": {
                                                "steps_from_proto": {
                                                    "total": 0.00032620000092720147,